date,rv_actual,pred_log_har,pred_garch
2022-02-24,6.765588203556109e+50,2.7486428479412283e+51,6.181917323389776e+50
2022-02-25,3.388907967150858e+50,2.7447053326194444e+51,1.0191095333331791e+50
2022-02-28,1.5140150662371725e+51,2.5869251634436678e+51,1.3282754874206927e+50
2022-03-01,1.363553462556659e+52,9.984022993774934e+50,2.7074101772905273e+50
2022-03-02,1.0550038277017001e+52,3.467598126964769e+51,5.9317338686680524e+50
2022-03-03,4.142058847324413e+51,5.476262707706324e+51,4.8888327968346786e+50
2022-03-04,2.532252054468535e+51,6.020305272451773e+51,1.9810389151115247e+50
2022-03-07,3.3390710719330223e+50,6.36502003015898e+51,6.958823907981626e+49
2022-03-08,9.773145682204301e+51,5.786643362370821e+51,1.8226480881504527e+50
2022-03-09,5.299962993569889e+51,5.523184243528519e+51,4.870003682665544e+49
2022-03-10,3.0812440466391154e+51,4.3506283008769645e+51,5.623149400669057e+48
2022-03-11,3.8277372182335985e+53,4.066995357622794e+51,1.3219591964945095e+50
2022-03-14,2.6658873011135806e+53,8.675738393038243e+52,4.3560649466685745e+50
2022-03-15,4.725763051374727e+52,1.411792410926336e+53,2.82952658430548e+49
2022-03-16,3.5621474509769385e+52,1.4170157211072041e+53,2.0793256889323527e+49
2022-03-17,3.661487739924607e+53,1.464268418137912e+53,2.101074741166197e+50
2022-03-18,2.525155360134006e+53,2.3140669547580723e+53,3.620231377780914e+51
2022-03-21,1.9157588257027568e+52,1.994052327321654e+53,1.8803038903052392e+51
2022-03-22,2.5682202266126286e+53,1.3705718703392046e+53,4.409433976136976e+50
2022-03-23,6.157693083436662e+52,1.8988692143818489e+53,4.615456243074749e+50
2022-03-24,1.6208208598319616e+54,1.8728048335610766e+53,5.04766571857233e+51
2022-03-25,3.8708209391521784e+54,4.680896833765854e+53,1.2377924053837154e+51
2022-03-28,9.47916549984437e+53,1.2432131120687108e+54,3.711180154149418e+50
2022-03-29,5.7246757364391595e+54,1.3809120846161868e+54,3.5663422526776775e+50
2022-03-30,3.311149834028614e+54,2.5931040276915626e+54,1.8716692241735523e+50
2022-03-31,8.357974886207471e+54,3.213948448582633e+54,7.673192478875752e+50
2022-04-01,9.684857955912916e+54,4.6799902246369216e+54,6.853445679520284e+51
2022-04-04,1.5782521223716835e+54,5.865494934889435e+54,5.576808049401876e+51
2022-04-05,1.0174385069570228e+54,5.687507249104684e+54,2.3169984730627947e+51
2022-04-06,1.0273748043236865e+55,4.670840581208497e+54,1.3695627599059247e+51
2022-04-07,3.714215372659867e+54,6.395313338013903e+54,2.289644900720677e+50
2022-04-08,1.893086297989416e+54,5.2433259332692934e+54,4.89871211788418e+51
2022-04-11,5.598928215613156e+53,3.585679954830088e+54,2.8663013958838686e+51
2022-04-12,3.392512545376304e+54,3.267654219285605e+54,1.6680765448657378e+51
2022-04-13,6.657337245596535e+55,3.906536879828632e+54,1.9146192410177612e+53
2022-04-14,6.136888816216387e+54,1.6157294539656224e+55,1.4166799788908683e+53
2022-04-15,8.586843216412561e+54,1.5556514638725503e+55,2.9825252307546634e+52
2022-04-18,8.04619194568445e+55,1.7019161433670218e+55,1.911694827739684e+52
2022-04-19,3.7149098564697303e+55,3.482579488063223e+55,1.839123868101083e+53
2022-04-20,5.564537991628187e+55,4.0881321891021027e+55,1.3430130393867458e+53
2022-04-21,7.106897877052765e+54,3.865922958363733e+55,1.5453128942600174e+52
2022-04-22,3.259195199430959e+55,3.6623566367082423e+55,1.2908881385517838e+53
2022-04-25,2.1402314231244564e+55,4.299726118106707e+55,3.643488867075405e+52
2022-04-26,9.147487771089386e+55,3.0416354770216265e+55,8.120056414955874e+53
2022-04-27,3.0224367522045645e+56,4.270547289483061e+55,1.970916832589109e+54
2022-04-28,7.135165486376528e+57,9.567454137371873e+55,5.601370141307025e+53
2022-04-29,7.571570611159813e+57,1.6493361459026695e+57,2.8868314962464135e+54
2022-05-02,6.297994949447367e+57,3.2340275017124834e+57,1.7818012220856717e+54
2022-05-03,5.1287709276083056e+57,4.5095479278994625e+57,4.256897267919644e+54
2022-05-04,2.2092600979023504e+57,5.505939351557637e+57,5.028560208126824e+54
2022-05-05,4.6667144379186126e+57,5.750077492251311e+57,1.0089975771078388e+54
2022-05-06,2.321962752090821e+57,5.3126620347200694e+57,5.528389162264387e+53
2022-05-09,3.163497419464703e+57,4.118991532498799e+57,5.161048546710679e+54
2022-05-10,1.8850049758108744e+58,3.497265211331911e+57,2.0827721387396907e+54
2022-05-11,2.0830807471732173e+57,6.517553863802426e+57,1.0376126633612254e+54
2022-05-12,1.7895461736670477e+58,6.0876364547187396e+57,3.253172430958803e+53
2022-05-13,7.255092806485346e+58,9.173849346365572e+57,1.7104826120296945e+54
2022-05-16,2.950490897873178e+58,2.4367024857888914e+58,3.3361477709079687e+55
2022-05-17,8.77923988970743e+56,2.908675371702732e+58,4.527147909926666e+54
2022-05-18,3.820743875034178e+57,2.2901554898709324e+58,4.491369310842501e+54
2022-05-19,7.5141067709317e+58,2.4195869185531606e+58,4.042734304317097e+55
2022-05-20,3.992012469310838e+58,3.8077316984585964e+58,2.0342201553160468e+55
2022-05-23,5.96878897245952e+57,3.0353138780290854e+58,2.871213702053238e+55
2022-05-24,6.006765209500179e+57,2.4117960976210715e+58,4.808864093562048e+54
2022-05-25,4.6540935678171205e+58,2.5103381686308022e+58,1.6506241493015818e+55
2022-05-26,7.088144970576475e+58,3.525341357095184e+58,1.142288018633625e+55
2022-05-27,2.8422510009225786e+58,3.447673492570989e+58,4.6236896408239154e+55
2022-05-30,1.4163738753690786e+58,3.1171832305150655e+58,1.5314350751025795e+56
2022-05-31,1.1024641742435372e+58,3.215981152435584e+58,3.574278810962517e+57
2022-06-01,4.7666349261937055e+57,3.290601405078798e+58,3.942067516110328e+57
2022-06-02,1.5993630937135398e+59,2.4148220908432688e+58,3.321360924045459e+57
2022-06-03,4.839488836457341e+58,4.491043396661436e+58,2.7096090613940727e+57
2022-06-06,2.412949451560686e+59,4.730721063623543e+58,1.2231053325046463e+57
2022-06-07,1.2366419532395808e+60,9.660931793618616e+58,2.3868364297842745e+57
2022-06-08,2.5945818067770643e+60,3.6204829349236497e+59,1.265343709169518e+57
2022-06-09,6.616363175429393e+59,9.178377012108606e+59,1.6370747565579904e+57
2022-06-10,1.072797966484336e+60,9.826086886162272e+59,9.49660454013065e+57
2022-06-13,7.8091738487760205e+59,1.2036564553908789e+60,1.4567710861180822e+57
2022-06-14,1.9123746631338695e+59,1.2990059609235028e+60,9.011426909445165e+57
2022-06-15,7.516431065311928e+59,1.037928905695554e+60,3.6669480778280944e+58
2022-06-16,9.655903946049604e+58,6.9443430423180515e+59,1.6355795400273323e+58
2022-06-17,1.7266622374285516e+60,5.458183541529681e+59,1.154104815772596e+57
2022-06-20,4.733766281898915e+59,7.2238385704483475e+59,1.960834161222105e+57
2022-06-21,6.384478937903715e+59,6.3358399813167165e+59,3.7656269611951105e+58
2022-06-22,8.657596345097685e+59,7.271219954819987e+59,2.1606549734362036e+58
2022-06-23,4.513873861219733e+59,7.537866521722585e+59,3.9291219388538346e+57
2022-06-24,1.297170139849999e+60,8.091195469085176e+59,3.175180020052223e+57
2022-06-27,4.108806396448549e+59,7.422567513082239e+59,2.3409299804765822e+58
2022-06-28,1.882247710265222e+60,7.05316658580645e+59,3.6464275972349734e+58
2022-06-29,1.5231185190722345e+59,9.862698847167842e+59,1.580562351522873e+58
2022-06-30,5.021619564399943e+59,7.820593040704709e+59,7.772956414646454e+57
2022-07-01,1.9296606890827073e+60,8.177014263366613e+59,5.8521865801201296e+57
2022-07-04,6.520052958239351e+59,9.735234365581735e+59,2.6391991944058747e+57
2022-07-05,4.893699370726584e+59,9.90434178308599e+59,8.008355135950577e+58
2022-07-06,8.106924773068075e+59,7.095552064091822e+59,2.769902727994316e+58
2022-07-07,8.460975744908237e+59,8.486188036763984e+59,1.2185858827170582e+59
2022-07-08,9.743592370756807e+59,9.186456879424819e+59,6.236491365935168e+59
2022-07-11,1.0238696225195806e+60,7.356706173385304e+59,1.3245594153030949e+60
2022-07-12,1.1820585722941158e+60,8.100992768658e+59,3.887333583234718e+59
2022-07-13,1.7687486007650307e+60,9.521252434564204e+59,5.533960086392233e+59
2022-07-14,1.5259602622645635e+60,1.1551394677272682e+60,4.146554479055456e+59
2022-07-15,1.001612343095209e+60,1.2839888329444083e+60,1.1374917920181522e+59
2022-07-18,1.4488325735579924e+60,1.2734647540175143e+60,3.807951364350753e+59
2022-07-19,3.665055574388794e+60,1.3685117369018302e+60,6.492945333253274e+58
2022-07-20,1.9953260430859297e+60,1.9128376509355977e+60,8.661701021572162e+59
2022-07-21,8.758049099352095e+59,1.9206148148379977e+60,2.745608426760134e+59
2022-07-22,2.1776687477576975e+60,1.7464268135930246e+60,3.3122887910982932e+59
2022-07-25,1.5686386960327335e+60,2.0268369278075133e+60,4.473625096970016e+59
2022-07-26,4.01666451751198e+59,2.0282429818210955e+60,2.4525422671747376e+59
2022-07-27,1.4010272446227306e+60,1.3236960770102703e+60,6.593085960420675e+59
2022-07-28,8.60632403254655e+59,1.2507673215952943e+60,2.342680103483408e+59
2022-07-29,9.239694402262138e+59,1.2328695786703343e+60,9.513670185675937e+59
2022-08-01,1.136785276961451e+60,9.878866840152916e+59,1.1775361503554815e+59
2022-08-02,1.1106102949506984e+60,9.078229861990619e+59,2.562296518366963e+59
2022-08-03,1.5540589737908279e+60,1.047893255739355e+60,9.760337615025628e+59
2022-08-04,9.222143808104886e+59,1.0866401177737188e+60,3.6867886871004997e+59
2022-08-05,1.3221956724075076e+60,1.0819576330224777e+60,2.608051289514037e+59
2022-08-08,9.831647503027013e+59,1.1707882853455424e+60,4.167497143413657e+59
2022-08-09,1.5820395299716382e+60,1.130645861988229e+60,4.412708032549609e+59
2022-08-10,1.8393521444062705e+60,1.2384267288722332e+60,5.064737976691065e+59
2022-08-11,7.9410355257747065e+59,1.2989840419237331e+60,5.340799341759228e+59
2022-08-12,1.9064320268052783e+60,1.2442664960951374e+60,6.143814631870913e+59
2022-08-15,1.0452070485023445e+60,1.3919691415566323e+60,9.112375913998538e+59
2022-08-16,1.821891006409849e+60,1.3817327325689728e+60,8.028231961819622e+59
2022-08-17,1.7849038633337535e+60,1.4497313544830136e+60,5.35908912184064e+59
2022-08-18,4.273208966976595e+60,1.437267856385984e+60,7.478484342794634e+59
2022-08-19,2.2333458946945792e+60,2.1858686968013583e+60,1.865226804548227e+60
2022-08-22,1.4767120352991053e+60,2.2114108935017893e+60,1.079218428832327e+60
2022-08-23,1.5547637522284319e+60,2.2699299012764068e+60,4.850903349104928e+59
2022-08-24,1.3168845764341403e+60,2.2218373481895712e+60,1.1100445236269797e+60
2022-08-25,2.3609925401588314e+60,2.1189548720313767e+60,8.328550719372218e+59
2022-08-26,6.643614049271035e+59,1.762551924028077e+60,2.3724908395860556e+59
2022-08-29,5.4359370315332e+59,1.397931408358888e+60,7.108871305772532e+59
2022-08-30,4.842901290163982e+59,1.2112655993071166e+60,4.613991183707917e+59
2022-08-31,1.4652899173837953e+60,1.0035063777046538e+60,4.821589921817437e+59
2022-09-01,3.359322005640947e+60,1.0641665172070657e+60,5.8947461783715975e+59
2022-09-02,1.866150669443747e+60,1.286856880992387e+60,5.810794085088805e+59
2022-09-05,1.3641763489275519e+60,1.5036375269014174e+60,8.024366747588836e+59
2022-09-06,1.4366558951279989e+60,1.6512640138669843e+60,4.961930307312387e+59
2022-09-07,2.936918702181239e+60,1.841876675897132e+60,6.827934415959056e+59
2022-09-08,1.2185030345923562e+60,2.1718829413000437e+60,5.21436919966271e+59
2022-09-09,1.5664074538692798e+60,1.697884631560198e+60,8.138191373102586e+59
2022-09-12,2.6311792718195576e+60,1.6513070535979844e+60,9.552596007282513e+59
2022-09-13,2.6393942324479214e+60,1.9258966959589973e+60,4.388196651140688e+59
2022-09-14,2.2819077878052744e+60,2.1659541365201847e+60,9.724030186669472e+59
2022-09-15,3.422916900194816e+60,2.0229108982922153e+60,5.651209940008611e+59
2022-09-16,4.834791411845452e+59,2.4879902199184897e+60,9.35654923380472e+59
2022-09-19,1.925761791461015e+60,2.149800733626078e+60,9.333626231573156e+59
2022-09-20,1.1820025854801816e+60,2.1011854360301583e+60,2.1774149461605204e+60
2022-09-21,4.590806429731031e+59,1.7884429731389905e+60,1.2118785075174441e+60
2022-09-22,1.3452297015036847e+60,1.3952671695869692e+60,7.913443432656102e+59
2022-09-23,2.7155635619110627e+60,1.0317814301573885e+60,8.119827139673245e+59
2022-09-26,1.6998230833598376e+60,1.4959458354627942e+60,6.939455207410138e+59
2022-09-27,2.5683363375661247e+60,1.4328263872887076e+60,1.2108384297809335e+60
2022-09-28,4.9292621803851064e+60,1.7231857793328316e+60,3.8512355159213613e+59
2022-09-29,6.733407497129338e+60,2.65718779099216e+60,2.8863604133813224e+59
2022-09-30,1.1001131894625134e+61,3.772438110093364e+60,2.5476542244841065e+59
2022-10-03,9.80883611336201e+60,5.520226822987497e+60,7.4378435350639915e+59
2022-10-04,6.689926462139286e+60,7.162284052358263e+60,1.7121823218043857e+60
2022-10-05,2.1169766808123818e+60,7.909497711770209e+60,1.0079390061361117e+60
2022-10-06,3.176816908767786e+60,7.091487773105207e+60,7.261594241207313e+59
2022-10-07,2.3384014663434993e+60,6.450209623292907e+60,7.500786319575486e+59
2022-10-10,1.1192181044564645e+61,4.677298293960777e+60,1.5012558818833103e+60
2022-10-11,5.849940570495095e+60,5.143286756201845e+60,6.7489261498723e+59
2022-10-12,4.8634025264305334e+60,4.8679926472886285e+60,8.127128150306211e+59
2022-10-13,6.040710264895097e+60,5.3867590902999724e+60,1.351124791462832e+60
2022-10-14,5.112405570630735e+60,5.987424834957271e+60,1.3787738635658416e+60
2022-10-17,1.3359418297620734e+61,6.50733399039959e+60,1.2012395726897324e+60
2022-10-18,5.5834749338835035e+60,7.100134995914556e+60,1.7639815976124103e+60
2022-10-19,5.923131584221103e+60,6.857533589387396e+60,3.1886811994275217e+59
2022-10-20,3.5225787627417854e+60,7.069342602747188e+60,9.768231248113904e+59
2022-10-21,2.0308175556254986e+60,6.462917567464434e+60,6.3371202775702965e+59
2022-10-24,2.606595328234719e+60,5.762268526552981e+60,2.5724882449781444e+59
2022-10-25,3.2695969966004045e+60,3.716044339426103e+60,6.838628301444247e+59
2022-10-26,2.6705006452790847e+60,3.290628686081781e+60,1.3876830838474912e+60
2022-10-27,2.0117860498335657e+60,2.6460620085931996e+60,9.105867683155168e+59
2022-10-28,1.1646627447543253e+60,2.33868027846061e+60,1.3239827771637813e+60
2022-10-31,2.1928651328107182e+60,2.1444709326901373e+60,2.5225210767472968e+60
2022-11-01,1.0602483144857427e+60,2.108702466855794e+60,3.4769987718331956e+60
2022-11-02,3.0990398566057395e+60,1.662210401099742e+60,5.652594671265375e+60
2022-11-03,2.8128657869261717e+60,1.8018378199727345e+60,5.1515728045779105e+60
2022-11-04,1.0762277794485816e+60,1.9551836555994148e+60,3.570211236956478e+60
2022-11-07,1.596755776854087e+60,1.887127632983471e+60,1.214592697702267e+60
2022-11-08,1.3139068466539377e+60,1.796554112275967e+60,1.641515455586983e+60
2022-11-09,2.3780634506924924e+60,1.8356740538742218e+60,1.2409745577952279e+60
2022-11-10,4.9751261909085865e+60,1.7370035129238307e+60,5.650351047196111e+60
2022-11-11,1.0737883648049636e+60,2.2024208701957045e+60,3.1720269326484044e+60
2022-11-14,1.9568007766446665e+60,2.113471426188748e+60,2.570395360786336e+60
2022-11-15,1.9383115296840444e+60,2.2255059249638196e+60,3.1327434168272006e+60
2022-11-16,3.1904980474389154e+60,2.3514766308600305e+60,2.6931792455864252e+60
2022-11-17,2.890053818311259e+60,2.5659018379207303e+60,6.797466050941362e+60
2022-11-18,1.451966672358046e+60,2.149862015295269e+60,3.0889507125148077e+60
2022-11-21,1.4250540230852914e+60,2.1911591244678012e+60,3.096627454766812e+60
2022-11-22,1.0314179778838572e+60,2.0903819426183916e+60,1.8966867028539905e+60
2022-11-23,2.770740184085538e+60,1.897448261918352e+60,1.098339741583117e+60
2022-11-24,2.0995060466645007e+60,1.8673171335102277e+60,1.3513216067017741e+60
2022-11-25,5.5237546894391516e+60,1.6986821369874174e+60,1.6938838512159117e+60
2022-11-28,3.1870189396411298e+60,2.5684085390621527e+60,1.409313909464637e+60
2022-11-29,1.672289045391259e+60,2.8797820634754408e+60,1.0675140404445758e+60
2022-11-30,8.230522394772345e+59,2.952860245934899e+60,6.290074881958793e+59
2022-12-01,5.410867547757799e+59,2.5208314312140575e+60,1.1239353675475128e+60
2022-12-02,5.385897193301279e+59,2.1947492179128885e+60,5.792672461397926e+59
2022-12-05,1.2532671901431574e+60,1.2520792679920998e+60,1.5748478809549855e+60
2022-12-06,1.628982232877778e+60,9.108012984656829e+59,1.4752917368152748e+60
2022-12-07,5.198376833462142e+59,9.086426533559148e+59,6.02619727928011e+59
2022-12-08,1.5450795532348518e+60,8.238251189893153e+59,8.247269078785222e+59
2022-12-09,1.006554732483994e+60,1.0440795061371045e+60,6.930138845602794e+59
2022-12-12,1.2668855741848782e+60,1.1231045781005914e+60,1.2193331500722758e+60
2022-12-13,3.210069473346144e+60,1.1380908509358285e+60,2.5408773687825848e+60
2022-12-14,3.520294420452076e+60,1.4814420091611731e+60,6.479918184522382e+59
2022-12-15,2.0137356511095432e+60,2.0864264338496464e+60,1.0067332626665004e+60
2022-12-16,1.0763166653209317e+60,2.146675929708333e+60,1.0131742944225192e+60
2022-12-19,4.051509044981521e+59,2.127789066770067e+60,1.63954918176837e+60
2022-12-20,7.460259611443629e+59,1.9114899722672407e+60,1.516714760179691e+60
2022-12-21,9.865349591672006e+59,1.4690797635707143e+60,7.923003597749517e+59
2022-12-22,5.819992884110617e+59,9.897667501165e+59,7.47169650379743e+59
2022-12-23,7.507536259765167e+59,7.037602355162067e+59,5.483783270646503e+59
2022-12-26,8.743776799558093e+59,6.486362266316614e+59,1.4093474537803145e+60
2022-12-27,7.834569368782903e+59,7.427703403978828e+59,1.1113755055558473e+60
2022-12-28,5.537098013586555e+59,7.532183788082801e+59,2.8104712646587576e+60
2022-12-29,7.529785503477878e+59,6.6619556452504445e+59,1.716394862687197e+60
2022-12-30,9.8465116188844e+59,7.063580054567201e+59,9.111923837679697e+59
2023-01-02,4.453314754820698e+59,7.572780087164193e+59,4.5136720812421495e+59
2023-01-03,1.4699085299435161e+60,6.585525164180587e+59,2.9027901297326713e+59
2023-01-04,9.991352213318558e+59,8.156272651575916e+59,2.8198705510007135e+59
2023-01-05,9.203685477762929e+59,8.944756854511733e+59,6.389632319159053e+59
2023-01-06,1.3518039335836727e+60,9.264338821740396e+59,8.424292237496834e+59
2023-01-09,1.2350904282776068e+60,1.007874175049188e+60,2.96753321153035e+59
2023-01-10,1.904314094365402e+60,1.1624701699529033e+60,7.855150555033125e+59
2023-01-11,1.6127959252402648e+60,1.2620905088179207e+60,5.376233235966646e+59
2023-01-12,8.933008010396434e+59,1.3781642147624036e+60,6.569498957293598e+59
2023-01-13,1.2409553760180367e+60,1.3558651721597776e+60,1.633759295095049e+60
2023-01-16,5.528920350067438e+59,1.3527699257167033e+60,1.8315819035297422e+60
2023-01-17,8.410825675109056e+59,1.1924886482012617e+60,1.0869521390345176e+60
2023-01-18,8.121727278835895e+59,9.965881280282861e+59,5.856843623038854e+59
2023-01-19,6.830217473878047e+59,8.368120257282973e+59,2.2818398768131045e+59
2023-01-20,6.599229437832996e+59,7.916727920268047e+59,3.829901254482713e+59
2023-01-23,2.153826725181666e+59,6.7801291989295425e+59,5.100133871567317e+59
2023-01-24,3.437363226381134e+59,5.936665077135074e+59,3.132995325698056e+59
2023-01-25,5.1948833164826455e+59,5.071396307476344e+59,3.890755604667392e+59
2023-01-26,5.891402159677855e+59,4.570894642094512e+59,4.542008278637579e+59
2023-01-27,2.987399474671658e+59,4.407876650604906e+59,4.115880015641632e+59
2023-01-30,9.013744837925744e+59,3.6425348445471477e+59,2.9485122532157604e+59
2023-01-31,4.087960674510973e+59,5.09900062766725e+59,3.8938138658660477e+59
2023-02-01,9.004095095523839e+59,5.118472697531779e+59,5.093509408091289e+59
2023-02-02,9.207912001981787e+59,5.977237311623889e+59,2.4493666121934893e+59
2023-02-03,4.984568410826776e+59,6.644578635121025e+59,7.456639058157448e+59
2023-02-06,1.6980590870430904e+60,6.927576071248122e+59,5.321711114272691e+59
2023-02-07,5.299948645461282e+59,8.764734468957887e+59,4.834529893264452e+59
2023-02-08,1.1310050583641659e+60,8.736317870736458e+59,6.970405250393242e+59
2023-02-09,1.6162895126684375e+60,9.390747733860498e+59,6.480227001907088e+59
2023-02-10,7.390379828891271e+59,1.0906182664630142e+60,9.80491271803817e+59
2023-02-13,1.8130234091502012e+60,1.117331699490976e+60,8.492690841494394e+59
2023-02-14,1.0325775517797177e+60,1.166620608117678e+60,4.837839469010668e+59
2023-02-15,1.1166147572887686e+60,1.2500203278230053e+60,6.416307170863952e+59
2023-02-16,1.1396984742594815e+60,1.2479714066884427e+60,3.045007582653806e+59
2023-02-17,8.83664667201015e+59,1.1516998820473207e+60,4.338553125389866e+59
2023-02-20,1.4191707995301908e+60,1.172118315383114e+60,4.25056307240667e+59
2023-02-21,1.6972650930048046e+60,1.106115567179871e+60,3.600960881978221e+59
2023-02-22,4.22922212847753e+59,1.2436154831574071e+60,3.457063577510376e+59
2023-02-23,1.5232415226487015e+60,1.0599408037062709e+60,1.2280704376628385e+59
2023-02-24,4.198342510318173e+59,1.1733250976627853e+60,1.7723779167802828e+59
2023-02-27,1.3030242688871471e+60,1.041505525300661e+60,2.67493732930778e+59
2023-02-28,2.0215568392190494e+60,1.050535778623788e+60,3.0626603701875637e+59
2023-03-01,6.9155300561259145e+59,1.125254221052755e+60,1.62761187783464e+59
2023-03-02,6.664171213247585e+59,1.1446995338144082e+60,4.578038321853801e+59
2023-03-03,4.0926798519145545e+59,9.754214020454796e+59,2.2441510505674673e+59
2023-03-06,6.099251771648803e+59,9.60976776846977e+59,4.600171085626863e+59
2023-03-07,6.013466206627355e+59,8.375938100862166e+59,4.805094450001022e+59
2023-03-08,1.0154580887218843e+60,5.622379564055259e+59,2.7023827489296933e+59
2023-03-09,1.760161395209099e+60,6.349727084433813e+59,8.608454752483053e+59
2023-03-10,2.6693156353779988e+60,8.61444253688365e+59,3.02637146209205e+59
2023-03-13,1.1724087807816229e+60,1.3271714817325867e+60,5.787350731617871e+59
2023-03-14,9.862710922806612e+59,1.4097547255349435e+60,8.334494401892837e+59
2023-03-15,3.9146866595605836e+59,1.4785623309049707e+60,4.059608377584691e+59
2023-03-16,4.952301823092498e+59,1.3235470571136797e+60,9.242619864117629e+59
2023-03-17,1.3564024052504118e+60,1.0876014447604222e+60,5.567013211964582e+59
2023-03-20,2.642903953226587e+60,8.568905766570483e+59,5.826486560058172e+59
2023-03-21,7.542386653215397e+59,1.168420780703744e+60,5.953250389646777e+59
2023-03-22,6.081709168568417e+59,1.0824657661731492e+60,4.67862399170352e+59
2023-03-23,8.05756219009691e+59,1.1199027994108764e+60,7.300422731220765e+59
2023-03-24,1.0664576341364083e+60,1.192174106257801e+60,8.805530050654879e+59
2023-03-27,6.0719638631426015e+59,1.1425149908308202e+60,2.499625148289938e+59
2023-03-28,8.843911594520515e+59,7.29907498878081e+59,7.72550153212608e+59
2023-03-29,6.025815826850727e+59,7.624981570446663e+59,2.4369620388075085e+59
2023-03-30,6.83173158325162e+59,7.542896839727502e+59,6.621675373776047e+59
2023-03-31,9.690153685161112e+59,7.352744177889957e+59,1.039731114839671e+60
2023-04-03,8.039848107526892e+59,7.2292360409515305e+59,3.9123783455274086e+59
2023-04-04,5.795505107284509e+59,7.57456704504408e+59,3.5031509208755985e+59
2023-04-05,6.117981094654075e+59,6.910309155076116e+59,2.1995121297255747e+59
2023-04-06,6.315050018151365e+59,6.938782304480516e+59,3.1457976259984446e+59
2023-04-07,5.369160717032925e+59,6.844150186302128e+59,3.1442803474587943e+59
2023-04-10,5.17707545597501e+59,5.984592105773214e+59,5.21477134608018e+59
2023-04-11,1.482148289651058e+60,5.4424894559645095e+59,9.028818282789539e+59
2023-04-12,1.3540365364656625e+60,7.429519995353832e+59,1.3741355343194637e+60
2023-04-13,8.090967211617036e+59,8.894607338369681e+59,6.462872622967823e+59
2023-04-14,1.1747802014436043e+60,9.12147131566292e+59,5.2139389026052535e+59
2023-04-17,7.814185771875922e+59,1.047660512457715e+60,2.1853182386629734e+59
2023-04-18,1.6735491986414017e+60,1.0871307030308927e+60,2.5717020362735393e+59
2023-04-19,1.4637478389407226e+60,1.1487187202046892e+60,6.89445744389133e+59
2023-04-20,1.0218054547661865e+60,1.1698702751064037e+60,1.3515973875375666e+60
2023-04-21,1.2318707937881605e+60,1.1998320098735025e+60,4.362167438518211e+59
2023-04-24,4.0096571016401412e+59,1.2158387225605068e+60,3.2315865324181635e+59
2023-04-25,3.5336180609124743e+59,1.1048307585825225e+60,4.170079383938759e+59
2023-04-26,2.8862089289338136e+59,8.46908710077422e+59,5.5146212369813365e+59
2023-04-27,5.373094041796085e+59,6.173679258714513e+59,3.277103911997412e+59
2023-04-28,1.5627190393194523e+60,5.347041791158091e+59,4.565244293679846e+59
2023-05-01,3.6674399493932285e+60,6.1585613876502225e+59,3.2125192190685145e+59
2023-05-02,2.883078958450667e+60,1.2967338275605483e+60,3.5563303789510764e+59
2023-05-03,2.494133292469291e+60,1.8014863475851487e+60,5.000574271545105e+59
2023-05-04,6.285609989389754e+59,2.239669428637997e+60,4.238569781152291e+59
2023-05-05,8.432499330333843e+59,2.1717382815082764e+60,3.08308030253264e+59
2023-05-08,7.5197364795562255e+59,2.045960255283937e+60,3.193795531470986e+59
2023-05-09,6.882286032610834e+59,1.4637340524505115e+60,3.297170919570758e+59
2023-05-10,7.640109859373087e+59,1.030846034416861e+60,2.8287462672548586e+59
2023-05-11,5.814236309634854e+59,6.970960421718782e+59,2.712222179345035e+59
2023-05-12,2.111574004271045e+59,6.838128917306053e+59,7.529330985994227e+59
2023-05-15,7.926670087841909e+59,5.4776357201722466e+59,7.099396080776966e+59
2023-05-16,3.8010604742191204e+59,5.7657516951007335e+59,4.355898477334605e+59
2023-05-17,6.284523361580433e+59,5.070966126057032e+59,6.064358850518532e+59
2023-05-18,2.1750826464644145e+60,4.884577153600441e+59,4.172251661709182e+59
2023-05-19,7.485408483310283e+59,8.241209334957187e+59,8.550174040447969e+59
2023-05-22,1.7458810030652327e+59,9.05797830788024e+59,7.692588061010281e+59
2023-05-23,4.53905453409813e+59,7.5465841635517445e+59,5.445378944801185e+59
2023-05-24,1.2368022738902838e+60,7.909260071980709e+59,6.397448390827393e+59
2023-05-25,3.152054907692543e+60,9.330405123911418e+59,2.2845513748114682e+59
2023-05-26,8.457677731066468e+59,1.1514764519085183e+60,1.866699037090674e+59
2023-05-29,1.2484846413009289e+60,1.1272777630240177e+60,1.52472424385303e+59
2023-05-30,8.67804843789558e+59,1.3514916134797263e+60,2.753214252166985e+59
2023-05-31,9.612294073435668e+59,1.4209787840459283e+60,7.933977076793635e+59
2023-06-01,4.961850374748826e+60,1.3779129477895273e+60,1.868410594109083e+60
2023-06-02,1.0653018323484183e+60,1.8137619581687475e+60,1.523234094922874e+60
2023-06-05,1.3764362375216113e+60,1.7852504081828974e+60,1.3136687220284762e+60
2023-06-06,1.737452665276709e+60,1.8213339561881227e+60,3.7171951300299276e+59
2023-06-07,2.8910234863186814e+60,2.006370011755375e+60,4.378780764385622e+59
2023-06-08,2.1964318653415215e+60,2.4237054185309213e+60,3.9513265910251957e+59
2023-06-09,2.0008344997714376e+60,1.8374213264432378e+60,3.613911308456185e+59
2023-06-12,1.31181910781517e+60,2.017556036333962e+60,3.9780700343280214e+59
2023-06-13,1.654514659934858e+60,1.9784123803416393e+60,3.081055780587842e+59
2023-06-14,1.2567129290155494e+60,1.9704932841853576e+60,1.190503465831787e+59
2023-06-15,1.8926182917471205e+60,1.630257446985754e+60,4.0153887645921965e+59
2023-06-16,1.2302019151041883e+60,1.5851042119997317e+60,2.0760995916535027e+59
2023-06-19,1.5677803088392127e+60,1.4130892014639506e+60,3.23303731589957e+59
2023-06-20,1.3604133301152304e+60,1.4746988934551061e+60,1.1016774955448592e+60
2023-06-21,2.5474959549586203e+60,1.4096020888093095e+60,4.22440307116597e+59
2023-06-22,1.780882288497884e+60,1.6886655414484866e+60,1.0576488234449864e+59
2023-06-23,5.38262968329478e+59,1.6466789449584297e+60,2.315772034919804e+59
2023-06-26,2.2415811132410577e+60,1.4607375254142136e+60,6.285266472086356e+59
2023-06-27,9.947344400434246e+59,1.657227825519943e+60,1.6035092306376817e+60
2023-06-28,8.316215047765209e+59,1.5478794493818155e+60,4.9299592230070785e+59
2023-06-29,7.439792328874494e+59,1.2085995244839857e+60,6.457981352785344e+59
2023-06-30,2.2074655564673348e+60,1.0056587711498722e+60,4.621393793647866e+59
2023-07-03,4.502933692593194e+59,1.366176436195909e+60,5.0082134300359534e+59
2023-07-04,5.3820361624812926e+60,9.727414653776044e+59,2.5028231616642797e+60
2023-07-05,5.559537173438359e+60,1.9323438778322565e+60,6.420846653695848e+59
2023-07-06,3.820321333415873e+60,2.8944496024480402e+60,7.162927080136426e+59
2023-07-07,2.809236963905188e+60,3.483978736498959e+60,9.000456035176121e+59
2023-07-10,3.043756473411138e+60,3.575935517811951e+60,1.4848654483478693e+60
2023-07-11,3.8487867802635366e+60,4.107514091724351e+60,1.1631403730205508e+60
2023-07-12,4.476694198397469e+60,3.8137425567397006e+60,1.0512745432864865e+60
2023-07-13,4.520094048978229e+60,3.596895377871165e+60,7.018756119458544e+59
2023-07-14,3.509019181218237e+60,3.730582615753694e+60,8.57946225956705e+59
2023-07-17,2.679055105515396e+60,3.837671183998158e+60,6.658694113096308e+59
2023-07-18,2.4608912824365556e+60,3.7327999317820696e+60,9.754237022969492e+59
2023-07-19,2.2623524462910864e+60,3.443214402449102e+60,6.577505040460856e+59
2023-07-20,4.627271733558682e+60,2.9938436604784075e+60,8.126497187385547e+59
2023-07-21,4.65142562765841e+60,3.068563711448625e+60,7.157390617805976e+59
2023-07-24,5.7499157505276365e+59,3.2940712606827e+60,1.3050430406622604e+60
2023-07-25,2.5341457147771905e+60,2.7080448194782402e+60,9.475030074245196e+59
2023-07-26,2.76370255673261e+60,2.834328085454841e+60,3.1056022274598163e+59
2023-07-27,2.550386284241258e+60,2.9394207914159263e+60,1.1343695301777778e+60
2023-07-28,1.8939814417669718e+60,2.5200680107252804e+60,5.469665335348236e+59
2023-07-31,3.913215578745326e+60,1.9606910830783913e+60,4.397263846910531e+59
2023-08-01,5.248559352127833e+60,2.658462053836504e+60,3.9121626722685943e+59
2023-08-02,2.3018756965901844e+60,3.218990330968247e+60,1.120838366646426e+60
2023-08-03,3.2688211768015176e+60,3.0504741989815582e+60,2.741543598764869e+59
2023-08-04,1.6413097205872307e+60,3.227504103141663e+60,2.7030052403511346e+60
2023-08-07,9.980325412755114e+59,3.1244377033539504e+60,2.897955121859461e+60
2023-08-08,1.2650703679641984e+60,2.5270702333043173e+60,2.0368712145571498e+60
2023-08-09,2.8301753848078436e+60,1.7801208111551565e+60,1.4936788906352024e+60
2023-08-10,4.06679550520231e+60,1.9252019526301476e+60,1.5871880370950035e+60
2023-08-11,3.8137170487385324e+60,2.1032338363047012e+60,1.9937917959958906e+60
2023-08-14,4.3775207181332824e+60,2.5325402103623648e+60,2.3255238980608678e+60
2023-08-15,4.420568291985373e+60,3.2205223720533425e+60,2.3617285187739107e+60
2023-08-16,2.3529707396298166e+60,3.854469372931315e+60,1.857774100203759e+60
2023-08-17,3.447784992166777e+60,3.692637057423629e+60,1.4207570970813755e+60
2023-08-18,4.911617913823732e+60,3.606247958074122e+60,1.292567000095454e+60
2023-08-21,5.774421688857625e+60,3.85695966479097e+60,1.1876925823817194e+60
2023-08-22,8.340777794785325e+60,4.154684764561786e+60,2.365566684016121e+60
2023-08-23,8.119911313395087e+60,4.990555394149042e+60,2.4291451438351764e+60
2023-08-24,6.974354378900284e+60,6.1422929367535576e+60,3.9370802996584096e+59
2023-08-25,1.0415470875200272e+61,6.818476792505011e+60,1.2842873959432593e+60
2023-08-28,7.047452373303571e+60,7.99998270757697e+60,1.4380056191674238e+60
2023-08-29,3.555741565112528e+60,8.152649638242992e+60,1.3380686775088872e+60
2023-08-30,4.056326198113116e+60,7.036610731896988e+60,1.005496601085507e+60
