,PC1
2018-01-08,-1.0156938385785097
2018-01-15,-0.43254222258066066
2018-01-22,-2.1368729355180216
2018-01-29,-0.5092038732843387
2018-02-05,-0.764628057429106
2018-02-12,-0.9809038112181772
2018-02-19,-1.2063465860864684
2018-02-26,-1.4665413017722226
2018-03-05,-1.4668067749004376
2018-03-12,-1.1253864211492446
2018-03-19,-0.2572478245538295
2018-03-26,5.8392280516868595
2018-04-02,6.110016072043717
2018-04-09,6.7970523677217916
2018-04-16,-1.3456392464942877
2018-04-23,-0.2602819989238572
2018-04-30,-1.0004524158336752
2018-05-07,0.262540291282423
2018-05-14,-0.5802650139466999
2018-05-21,-1.1763299681031025
2018-05-28,-0.5798562382288436
2018-06-04,-1.0201170713543801
2018-06-11,0.19676153870037366
2018-06-18,-0.9844384958694753
2018-06-25,-1.0206946058328275
2018-07-02,-0.05506429719168066
2018-07-09,-1.6955421516699145
2018-07-16,-0.7448187838590693
2018-07-23,-0.8739505469168205
2018-07-30,-0.08738117174375507
2018-08-06,-1.1729298361001737
2018-08-13,-0.28347400474813395
2018-08-20,-0.2728776873469383
2018-08-27,-0.5771433221783503
2018-09-03,-0.3307433462781014
2018-09-10,-0.8717909575063264
2018-09-17,-0.37998787860516325
2018-09-24,-0.004332466128495413
2018-10-01,-1.6164988776103424
2018-10-08,-0.6917481822902507
2018-10-15,-0.7062733295651754
2018-10-22,-1.1282990872226772
2018-10-29,-0.8351830286840068
2018-11-05,-0.8894499564719313
2018-11-12,-0.7732308162226612
2018-11-19,-0.4276770634490423
2018-11-26,-1.5403642392589731
2018-12-03,-1.444569815326282
2018-12-10,8.239527297025152
2018-12-17,8.50172810071263
2018-12-24,9.337258585817908
2018-12-31,-0.8578384588715225
2019-01-07,-1.515844997482695
2019-01-14,-1.9217535839481892
2019-01-21,-1.6645047838659002
2019-01-28,-0.12971131352697537
2019-02-04,-0.6968530248338582
2019-02-11,-1.2583547351945987
2019-02-18,-0.8017004758880208
2019-02-25,-0.6688649404788061
2019-03-04,-1.3554410065625668
2019-03-11,-1.4512207568252395
2019-03-18,0.7555558379045108
2019-03-25,5.919743911700226
2019-04-01,4.765882656588968
2019-04-08,6.5589140813864
2019-04-15,-0.5264760808022865
2019-04-22,-0.4475378744644375
2019-04-29,-0.706686471516641
2019-05-06,-1.2314985345528724
2019-05-13,-1.3285782270508952
2019-05-20,-0.6883818726495834
2019-05-27,-1.418135878075811
2019-06-03,-0.43280589637546596
2019-06-10,-1.537810813641958
2019-06-17,-1.0948370376501293
2019-06-24,-0.8607943498141595
2019-07-01,-1.492202423495679
2019-07-08,-0.8336766394583303
2019-07-15,-1.1307543068647967
2019-07-22,-1.230049404968
2019-07-29,-1.105499963318134
2019-08-05,-0.5765812547282236
2019-08-12,-0.5196392771010306
2019-08-19,-0.8536106338172995
2019-08-26,-1.7691819255467114
2019-09-02,-1.1955134579443953
2019-09-09,-1.211284741867594
2019-09-16,-1.1023136587710647
2019-09-23,-0.8264066498235765
2019-09-30,-1.5965562048875006
2019-10-07,-0.5797521570368691
2019-10-14,-0.81901999428578
2019-10-21,-1.2828624159541682
2019-10-28,-0.36911149903073615
2019-11-04,-1.02771123235382
2019-11-11,-0.8008570051946149
2019-11-18,-1.538738543590769
2019-11-25,-1.0759928913900865
2019-12-02,-0.5680693094807439
2019-12-09,8.628803564405038
2019-12-16,7.767397864038467
2019-12-23,8.47417070765905
2019-12-30,-0.43104541684082803
2020-01-06,-1.2316836898390824
2020-01-13,-1.0911415432000489
2020-01-20,-1.920251715233318
2020-01-27,-1.8549489436329916
2020-02-03,-1.1047250623514975
2020-02-10,-1.1226286877902907
2020-02-17,-0.2948141587696679
2020-02-24,-1.5163729546050237
2020-03-02,-2.1784656262071116
2020-03-09,-0.9569241772210006
2020-03-16,-0.6709846333028222
2020-03-23,5.574868467278175
2020-03-30,5.754580232263695
2020-04-06,5.554132103623355
2020-04-13,-1.5398922463899443
2020-04-20,-1.4567233979807384
2020-04-27,0.02154192898508994
2020-05-04,-1.9844041443398488
2020-05-11,-0.743627495393681
2020-05-18,-1.4250442190239003
2020-05-25,-2.0439099728668055
2020-06-01,-1.3384774133700699
2020-06-08,-1.2138282914988257
2020-06-15,-1.6513467235639
2020-06-22,-1.2679682823464966
2020-06-29,6.496413601537849
2020-07-06,-0.15657612913876134
2020-07-13,-1.1774438519034138
2020-07-20,-1.3609561652486772
2020-07-27,-0.675698458064849
2020-08-03,-0.8152003784481158
2020-08-10,-0.6691276375196893
2020-08-17,-0.0060721672552736155
2020-08-24,-0.4523868706658101
2020-08-31,-1.1317047725292253
2020-09-07,-1.1277495661224213
2020-09-14,-0.5649651233064514
2020-09-21,-0.5788404670245189
2020-09-28,-0.5374178626357746
2020-10-05,-0.8198057712026516
2020-10-12,-1.4707759112842997
2020-10-19,-0.7517460886029969
2020-10-26,-0.6685247795342795
2020-11-02,-0.6572259221419334
2020-11-09,-1.4065391071491422
2020-11-16,-1.1777616023662871
2020-11-23,-1.4519057701724118
2020-11-30,-0.3483442388720108
2020-12-07,9.08912541986749
2020-12-14,7.755407081856962
2020-12-21,9.043467148075983
2020-12-28,-0.6973648326511808
2021-01-04,-1.419345181940147
2021-01-11,0.042225610215278424
2021-01-18,-0.7667543116907468
2021-01-25,-0.9184184027000611
2021-02-01,-0.8829819179717868
2021-02-08,-0.7192094703143623
2021-02-15,-0.8480705390996316
2021-02-22,-1.0107614778070815
2021-03-01,-1.3912218758117876
2021-03-08,-1.0334370610624337
2021-03-15,-1.7003191395152126
2021-03-22,-0.5645123690731616
2021-03-29,5.416540621349343
2021-04-05,6.217029689029734
2021-04-12,6.224954698548658
2021-04-19,-0.15998705185559242
2021-04-26,-0.5930971967162234
2021-05-03,-1.549644528053379
2021-05-10,-1.120821672891747
2021-05-17,-0.6543839712433763
2021-05-24,-1.47485275378222
2021-05-31,0.04443826782899514
2021-06-07,-1.3254714401010412
2021-06-14,-1.1195764337093566
2021-06-21,-0.5547206653407328
2021-06-28,-0.6228228863745611
2021-07-05,-1.2296283033337152
2021-07-12,-0.810930841158178
2021-07-19,-1.0494695701118835
2021-07-26,-1.6369084814826045
2021-08-02,-1.748531348442527
2021-08-09,-1.1854329169785032
2021-08-16,-1.1959170620267403
2021-08-23,-1.2123095531618056
2021-08-30,-1.6759662085719
2021-09-06,-0.7100278561620192
2021-09-13,-0.20038213833519286
2021-09-20,-1.1277505234191354
2021-09-27,-1.238652047977929
2021-10-04,-0.8010692284791108
2021-10-11,-1.211298926398765
2021-10-18,-0.5835901058460983
2021-10-25,-0.6629085634315388
2021-11-01,-1.3539915854809705
2021-11-08,-1.5731856366884998
2021-11-15,-1.5328195524416017
2021-11-22,-1.7460060666468666
2021-11-29,-0.8048644668762539
2021-12-06,-1.140883436169269
2021-12-13,8.581033710616477
2021-12-20,8.478594960251787
2021-12-27,8.23038960629116
2022-01-03,-1.9139273495500657
2022-01-10,-0.9928246474024833
2022-01-17,-1.2880292346047848
2022-01-24,-0.9975410866110381
2022-01-31,-1.316413160385883
2022-02-07,-0.741394310187402
2022-02-14,-1.0761376044908317
2022-02-21,-1.4605357999627233
2022-02-28,-1.7457425274317133
2022-03-07,-1.2288039362674872
2022-03-14,-1.6006787949205996
2022-03-21,-2.0942133295317427
2022-03-28,6.5247961102361645
2022-04-04,5.890109619630954
2022-04-11,6.522969477018091
2022-04-18,-1.0501753241755247
2022-04-25,-1.4783180000722096
2022-05-02,-1.5069442391441306
2022-05-09,-1.3260892329506797
2022-05-16,-1.382197505526022
2022-05-23,-1.2920762880745935
2022-05-30,3.278085884411365
2022-06-06,-1.0552250201706252
2022-06-13,-0.05003288668718019
2022-06-20,-0.9128603986692437
2022-06-27,-1.8056802481205003
2022-07-04,-0.1105666399148118
2022-07-11,-0.4357169722306353
2022-07-18,-1.4345613041304701
2022-07-25,-1.1829950299624532
2022-08-01,-1.41581159497584
2022-08-08,-0.8665412355446555
2022-08-15,-0.9129764411102369
2022-08-22,-0.6317339880308781
2022-08-29,-0.8375307991289859
2022-09-05,-0.2162438769491732
2022-09-12,-1.0777556162725597
2022-09-19,-0.9075013329464461
2022-09-26,-0.7911279495958019
2022-10-03,-1.8648763763282032
2022-10-10,-1.272222969452376
2022-10-17,-0.9902617309924248
2022-10-24,-1.3780432126148545
2022-10-31,-1.8300011238472038
2022-11-07,-1.6652548865815746
2022-11-14,-0.2684213655463943
2022-11-21,-0.8654813954799265
2022-11-28,-1.6397361721162855
2022-12-05,-1.6882022665220136
2022-12-12,8.176700198690316
2022-12-19,8.589047135184387
2022-12-26,8.323770010549921
2023-01-02,-1.1645774937390776
2023-01-09,0.20474356641105412
2023-01-16,-1.0566659408208476
2023-01-23,-0.024356579236883998
2023-01-30,-0.6343743780380329
2023-02-06,-0.849602000390428
2023-02-13,-0.210580823288293
2023-02-20,-0.19681444425141936
2023-02-27,-0.7800220656834068
2023-03-06,-1.7282674377560872
2023-03-13,-0.9097131801414488
2023-03-20,-1.3150651956343298
2023-03-27,6.3910033574341085
2023-04-03,5.426031735035367
2023-04-10,5.436350522949297
2023-04-17,-0.15072797684213474
2023-04-24,-0.5433152801063659
2023-05-01,-0.4684043344272859
2023-05-08,-0.13496481449109674
2023-05-15,-3.6563172486365425
2023-05-22,-0.7904489971039897
2023-05-29,-0.9531183356542687
2023-06-05,-0.9213643149271171
2023-06-12,-0.9231499389281891
2023-06-19,-1.0944475465875818
2023-06-26,-0.7593118992289856
2023-07-03,-1.299278665076022
2023-07-10,-0.8806072835358967
2023-07-17,-0.40446961138955717
2023-07-24,-1.6264294097754075
2023-07-31,-1.000691615895765
2023-08-07,0.29267815224608096
2023-08-14,-1.2898808190627795
2023-08-21,-0.27705650321894987
2023-08-28,-0.7337673213494622
2023-09-04,-1.2545211664261198
2023-09-11,-1.0045252418110222
2023-09-18,-1.8390833405903457
2023-09-25,-1.2771430065233984
2023-10-02,0.06474178768692095
2023-10-09,-1.2770773085864329
2023-10-16,-1.2249648002664946
2023-10-23,-0.7283112418770923
2023-10-30,-0.6327100465756303
2023-11-06,-0.6338830032510332
2023-11-13,-0.7711826465817733
2023-11-20,-0.7604671552720218
2023-11-27,-1.0844072477971516
2023-12-04,-0.4539850930302635
2023-12-11,9.371153478610996
2023-12-18,7.414571767927057
2023-12-25,8.40181702218072
2024-01-01,-0.7967644318514558
2024-01-08,-1.2114101145378184
2024-01-15,-0.51461492351666
2024-01-22,-1.0108006116568524
2024-01-29,-0.7378254518047582
2024-02-05,-1.2362917830962519
2024-02-12,-1.0834653852825578
2024-02-19,-0.6635305516728348
2024-02-26,-1.138574747180577
2024-03-04,-0.9610737074433692
2024-03-11,-1.3278528987210798
2024-03-18,-0.964416729362995
2024-03-25,6.353207421886525
2024-04-01,4.709425910398891
2024-04-08,4.8555300008776925
2024-04-15,-0.22400795964268727
2024-04-22,-1.441313193618942
2024-04-29,-0.7839333593123924
2024-05-06,-0.6130563820810313
2024-05-13,-1.6295406428889416
2024-05-20,-0.8873221993960816
2024-05-27,-1.2724050928171577
2024-06-03,-0.4968707008938712
2024-06-10,-0.4493311397528339
2024-06-17,-0.27682912196001347
2024-06-24,-1.4877284885401363
2024-07-01,-0.5534877341681401
2024-07-08,-0.7458421836737843
2024-07-15,-1.444686814575236
2024-07-22,-0.35950882466532713
2024-07-29,-1.087309155602523
2024-08-05,-1.049472194257862
2024-08-12,-1.3206146731361188
2024-08-19,-0.3619402031984169
2024-08-26,-0.5070853818359227
2024-09-02,-1.4787572854191176
2024-09-09,-0.8137041530997428
2024-09-16,-0.5635086221498958
2024-09-23,-0.8116158878177386
2024-09-30,-1.1531870671548459
2024-10-07,-0.9563363667228688
2024-10-14,-1.2647379379631922
2024-10-21,0.453288298723456
2024-10-28,-0.5833649653493069
2024-11-04,-1.4689040821570885
2024-11-11,-1.5180319388082322
2024-11-18,-0.4890417366711808
2024-11-25,-0.5188973910109491
2024-12-02,-1.32866445026703
2024-12-09,8.879612715661766
2024-12-16,7.842062430118442
2024-12-23,8.786208685048118
2024-12-30,-1.5192394501585191
