,demand,rsi,macd,signal,hist,sma,upper,lower,bandwidth,pct_b,ss_classic,ss_dynamic,cross,accion
2019-01-07,32.0,,0.0,0.0,0.0,,,,,,,,0,🟢 Orden estándar
2019-01-14,34.0,,0.15954415954416135,0.03190883190883227,0.1276353276353291,,,,,,,,1,🟠 Aumentar orden +20%
2019-01-21,32.0,,0.12318081833751648,0.050163229194569114,0.07301758914294737,,,,,,,,0,🟡 Monitorear
2019-01-28,35.0,,0.33260349040253345,0.10665128143616198,0.22595220896637147,,,,,,,,0,🟡 Monitorear
2019-02-04,37.0,,0.6524348888534419,0.21580800291961796,0.4366268859338239,,,,,,,,0,🟡 Monitorear
2019-02-11,33.0,,0.5764915698180815,0.2879447162993107,0.2885468535187708,,,,,,,,0,🟡 Monitorear
2019-02-18,34.0,,0.5901941937098343,0.3483946117814154,0.24179958192841888,,,,,,,,0,🟡 Monitorear
2019-02-25,39.0,,0.9930644068021124,0.4773285707855548,0.5157358360165576,,,,,,,,0,🟡 Monitorear
2019-03-04,38.0,,1.2176144095746722,0.6253857385433783,0.5922286710312938,,,,,,,,0,🟡 Monitorear
2019-03-11,35.0,,1.1403517119226905,0.7283789332192407,0.4119727787034497,,,,,,,,0,🟡 Monitorear
2019-03-18,39.0,,1.3859111173301386,0.8598853700414203,0.5260257472887183,,,,,,,,0,🟡 Monitorear
2019-03-25,38.0,,1.4827350262125591,0.9844553012756481,0.4982797249369111,,,,,,,,0,🟡 Monitorear
2019-04-01,39.0,,1.621469028599499,1.1118580467404184,0.5096109818590806,,,,,,,,0,🟡 Monitorear
2019-04-08,41.0,,1.8712296398302897,1.2637323653583927,0.6074972744718969,,,,,,,,0,🟡 Monitorear
2019-04-15,38.0,56.646847470191965,1.8062702367794259,1.3722399396425995,0.4340302971368264,,,,,,,,0,🟡 Monitorear
2019-04-22,39.0,58.700783544753584,1.8145639211495066,1.460704735943981,0.3538591852055255,,,,,,,,0,🟡 Monitorear
2019-04-29,42.0,64.18305698437302,2.039699270201268,1.5765036427954386,0.46319562740582954,,,,,,,,0,🟠 Aumentar orden +20%
2019-05-06,42.0,64.18305698437302,2.1928429280600525,1.6997714998483615,0.49307142821169103,,,,,,,,0,🟠 Aumentar orden +20%
2019-05-13,46.0,70.28307190985358,2.6069259314758,1.8812023861738494,0.7257235453019506,,,,,,,,0,🟠 Aumentar orden +20%
2019-05-20,44.0,64.37912879044822,2.742097219833134,2.0533813529057063,0.6887158669274278,37.85,45.69789613107937,30.00210386892063,0.41468407561846066,0.8918247576980962,,9.128599441489254,0,🟠 Aumentar orden +20%
2019-05-27,44.0,64.37912879044822,2.816751679716141,2.2060554182677934,0.6106962614483478,38.45,46.24946017025335,30.650539829746656,0.4056936369442573,0.8557938548854541,,9.072259184487969,0,🟠 Aumentar orden +20%
2019-06-03,50.0,72.43539522724504,3.3217743855536455,2.429199211724964,0.8925751738286816,39.25,48.308290764760606,30.191709235239394,0.46156895616614557,1.0933790534645143,,10.536519168312203,0,🔴 ALERTA STOCKOUT — orden emergencia
2019-06-10,48.0,66.99610460058639,3.520048307385828,2.6473690308571367,0.8726792765286913,40.05,49.23752013961272,30.862479860387275,0.4588025038508226,0.9326521128222047,,10.686837569498378,0,🟠 Aumentar orden +20%
2019-06-17,49.0,68.27872105419644,3.715048692782723,2.860904963242254,0.854143729540469,40.75,50.437213493216596,31.062786506783404,0.47544606101676545,0.9258190451659295,,11.268076208801936,0,🟠 Aumentar orden +20%
2019-06-24,46.0,60.66221476307084,3.5861737959537052,3.0059587297845445,0.5802150661691607,41.2,50.9893604973649,31.410639502635107,0.47521167462936387,0.7451641249340069,,11.386892649468779,0,🟠 Aumentar orden +20%
2019-07-01,48.0,63.57907004562706,3.6038795172876235,3.1255428872851603,0.4783366300024632,41.95,51.386212442667755,32.51378755733225,0.4498790199126461,0.8205735371452476,,10.976114132395315,0,🟠 Aumentar orden +20%
2019-07-08,49.0,64.97739500962115,3.656453748904937,3.231725059609116,0.4247286892958213,42.7,51.85595865801983,33.544041341980176,0.42885052262387946,0.844038250679613,,10.650125549049928,0,🟠 Aumentar orden +20%
2019-07-15,47.0,60.014575318707664,3.4964312380762763,3.2846662953025483,0.21176494277372804,43.1,52.274334910642374,33.92566508935763,0.4257231977096228,0.712549467508317,,10.671500634375345,0,🟠 Aumentar orden +20%
2019-07-22,49.0,63.0535274839964,3.490756265340707,3.32588428931018,0.16487197603052683,43.65,52.85583339090233,34.444166609097664,0.42180221722347466,0.7905766253214587,,10.708139372262073,0,🟠 Aumentar orden +20%
2019-07-29,48.0,60.57458041669311,3.3667572836778987,3.334058888183724,0.03269839549417464,44.3,52.738009243891575,35.86199075610842,0.3809484985955566,0.71924602670224,,9.815013499735988,0,🟠 Aumentar orden +20%
2019-08-05,48.0,60.57458041669311,3.2312394799970363,3.3134950065463866,-0.08225552654935031,44.75,52.95462000787873,36.54537999212127,0.36668692772642375,0.6980591420979333,,9.543537321416144,-1,🔵 Reducir orden -10%
2019-08-12,47.0,57.93306157711308,3.008469240873886,3.2524898534118867,-0.24402061253800067,45.2,52.81162545750006,37.58837454249995,0.3367975866150466,0.6182401847049884,,8.853771601918982,0,🟢 Orden estándar
2019-08-19,49.0,61.544927431752825,2.9591937630323955,3.1938306353359884,-0.23463687230359298,45.7,52.89941518092742,38.500584819072586,0.31507287443883664,0.7291852822116932,,8.374292460293345,0,🟡 Monitorear
2019-08-26,47.0,56.33585628050408,2.727320454033709,3.100528599075533,-0.37320814504182387,46.0,52.86716060223159,39.13283939776841,0.2985722000970258,0.57281029656384,,7.98781703925617,0,🟢 Orden estándar
2019-09-02,45.0,51.629839375684064,2.3550285970799436,2.9514285986764155,-0.5964000015964719,46.35,52.12745163272015,40.57254836727985,0.24929672633096658,0.3831664818832597,,6.720277749194254,0,🟢 Orden estándar
2019-09-09,46.0,53.71189657962674,2.1162810898132562,2.7843990969037837,-0.6681180070905275,46.7,51.33851155799832,42.06148844200169,0.19865145858665154,0.4245447606147522,,5.395473297613727,0,🟢 Orden estándar
2019-09-16,43.0,47.1543308516544,1.665794796771685,2.560678236877364,-0.8948834401056791,46.75,51.19261658319316,42.30738341680684,0.19005846345211366,0.07795142459664331,,5.167610093548754,0,🟢 Orden estándar
2019-09-23,44.0,49.373123543166336,1.3736383586704832,2.3232702612359883,-0.9496319025655051,46.85,50.916551623336765,42.78344837666324,0.1735987886162973,0.14958025078979995,,4.730174846551336,0,🟢 Orden estándar
2019-09-30,40.0,41.81101789356541,0.8099985469539277,2.020615918379576,-1.2106173714256485,46.55,51.63765275213585,41.462347247864145,0.2185887326374158,-0.14371531618880978,,5.9179101374333545,0,🔵 Reducir orden -10%
2019-10-07,40.0,41.811017893565406,0.3591696511993163,1.6883266649435242,-1.329157013744208,46.35,52.12745163272016,40.57254836727984,0.24929672633096692,-0.04955025188244408,,6.720277749194259,0,🔵 Reducir orden -10%
2019-10-14,41.0,44.28520232824238,0.08163510721836076,1.3669883533984917,-1.285353246180131,46.2,52.37635559379902,40.02364440620099,0.26737470103026045,0.0790397815484638,,7.184279108984361,0,🟢 Orden estándar
2019-10-21,41.0,44.28520232824238,-0.13673680168088964,1.0662433223826153,-1.202980124063505,45.75,52.07039305906305,39.42960694093695,0.27630133591532463,0.12423223084292238,,7.351822142556847,0,🟢 Orden estándar
2019-10-28,39.0,40.30963145526894,-0.4658118094887769,0.7598322960083369,-1.2256441054971137,45.3,52.20080086885418,38.399199131145814,0.3046711200377123,0.04353124226246105,,8.02694708302502,0,🟢 Orden estándar
2019-11-04,38.0,38.450959540476944,-0.7980977921361117,0.4482462783794473,-1.2463440705155588,44.75,52.144877316515505,37.355122683484495,0.3304973102353298,0.043602976013899127,,8.601652189825886,0,🔵 Reducir orden -10%
2019-11-11,37.0,36.63193542193789,-1.129112760966514,0.13277447051025507,-1.261887231476769,44.3,52.433103246673575,36.16689675332642,0.36718299082047756,0.0512168124150101,,9.460349693102737,0,🔵 Reducir orden -10%
2019-11-18,35.0,33.24453726606575,-1.5351317506659328,-0.2008067737249825,-1.3343249769409502,43.65,52.57719087071095,34.72280912928905,0.40903509144150985,0.015525089287627048,,10.384024996675349,0,🔵 Reducir orden -10%
2019-11-25,35.0,33.24453726606575,-1.8357434178017655,-0.5277941025403392,-1.3079493152614263,42.95,52.29654453457756,33.60345546542244,0.4352290819360913,0.07470913605616698,,10.871813259646755,0,🔵 Reducir orden -10%
2019-12-02,60.0,71.47883142622953,-0.05604323202155115,-0.43344392843658164,0.3774006964150305,43.6,55.57189691692479,31.62810308307521,0.5491695833451739,1.1849374043980931,,13.92559861701122,1,🔴 ALERTA STOCKOUT — orden emergencia
2019-12-09,46.0,53.127789629474975,0.22213831788626948,-0.3023274791720114,0.5244657970582809,43.45,55.21032581002306,31.689674189976948,0.5413268497133742,0.6084153637064498,,13.679501082584137,0,🟡 Monitorear
2019-12-16,35.0,43.64623771856282,-0.43993754264619156,-0.3298494918668474,-0.11008805077934414,42.8,54.93260071048246,30.667399289517533,0.56694395843376,0.1785520192195535,,14.112527767908889,-1,⚪ Reducir orden -25% — riesgo overstock
2019-12-23,33.0,42.17253665212881,-1.1131885724919002,-0.486517307991858,-0.6266712645000422,42.05,54.67370368540237,29.42629631459762,0.600413968390125,0.14154735307732583,,14.683774159003907,0,🟢 Orden estándar
2019-12-30,34.0,43.205123131494396,-1.5482064611460373,-0.698855138622694,-0.8493513225233433,41.4,54.286549495296875,28.513450504703123,0.6225386229612018,0.21287892066449865,13.992457527077184,14.989513948792728,0,🟢 Orden estándar
2020-01-06,34.0,43.2051231314944,-1.8713890638107173,-0.9333619236602988,-0.9380271401504185,40.65,53.41961854930428,27.880381450695715,0.6282715153409242,0.23961634114895683,13.86263580068319,14.853500965127772,0,🟢 Orden estándar
2020-01-13,34.0,43.205123131494396,-2.103268435541608,-1.1673432260365608,-0.9359252095050472,40.0,52.73205651722823,27.26794348277177,0.6366028258614115,0.2643742787396061,13.86263580068319,14.809809160432145,0,🟢 Orden estándar
2020-01-20,35.0,44.44413720359213,-2.1811993571479604,-1.3701144522588407,-0.8110849048891198,39.5,52.19065134573267,26.809348654267332,0.6425646251003883,0.32270413561108663,13.676115004824602,14.761647051877684,0,🟢 Orden estándar
2020-01-27,36.0,45.71939055939323,-2.137627294507375,-1.5236170207085475,-0.6140102737988276,39.0,51.39694359615767,26.60305640384233,0.6357406972388548,0.3790024340785972,13.628655470169656,14.420008942255732,0,🟢 Orden estándar
2020-02-03,36.0,45.71939055939323,-2.079129213583755,-1.634719459283589,-0.44440975430016616,38.65,50.96644172811709,26.333558271882904,0.6373320428521135,0.39242022742857885,13.668353389135307,14.32636992163672,0,🟢 Orden estándar
2020-02-10,35.0,44.53382401960932,-2.0893756833606005,-1.7256507040989912,-0.3637249792616093,38.2,50.349940437367486,26.05005956263252,0.6361225359878263,0.3683121116314977,13.549588470455587,14.132697176182699,0,🟢 Orden estándar
2020-02-17,36.0,46.04069656129905,-1.9938209154266602,-1.7792847463645252,-0.21453616906213502,38.0,50.15686940310741,25.84313059689259,0.6398352317424952,0.41774198053452893,13.44496038053807,14.140756884380556,0,🟢 Orden estándar
2020-02-24,37.0,47.574520078281076,-1.8164623831088846,-1.7867202737133971,-0.029742109395487493,37.85,49.97695996096035,25.723040039039653,0.640790486708605,0.46495411864406416,13.502515476358143,14.105966500777278,0,🟢 Orden estándar
2020-03-02,39.0,50.59905755882321,-1.497261682482609,-1.7288285554672396,0.23156687298463052,37.75,49.80033303754664,25.699666962453357,0.6384282403998222,0.5518657864519274,13.477781764149892,14.016834779537076,1,🟠 Aumentar orden +20%
2020-03-09,38.0,49.07455685167496,-1.3098849320491155,-1.645039830783615,0.33515489873449944,37.6,49.55429894046043,25.645701059539576,0.6358669649181077,0.5167303830192067,13.354801388148497,13.90512881524005,0,🟡 Monitorear
2020-03-16,40.0,52.177891442727926,-0.9886081625408281,-1.5137534971350577,0.5251453345942296,37.65,49.63727395374377,25.662726046256225,0.6367741808097622,0.5980206179097988,13.337140192780097,13.943485042541447,0,🟡 Monitorear
2020-03-23,40.0,52.177891442727926,-0.7256294039512525,-1.3561286784982967,0.6304992745470441,37.75,49.782849774023155,25.717150225976845,0.6375019747826838,0.5934940617665385,13.293306722554384,13.996498410786751,0,🟡 Monitorear
2020-03-30,41.0,53.8101164370459,-0.4315505542990081,-1.171213053658439,0.739662499359431,37.95,50.0630638481547,25.836936151845308,0.6383696362663871,0.6258971321473152,13.264721907566248,14.089802672220198,0,🟡 Monitorear
2020-04-06,43.0,56.97316176595461,-0.03668478258515506,-0.9443073994437824,0.9076226168586273,38.35,50.58067756439557,26.11932243560443,0.6378449838015943,0.690095764340011,13.267490871568345,14.226609847857503,0,🟡 Monitorear
2020-04-13,45.0,59.92832026647295,0.4326452070206912,-0.6689168781508876,1.1015620851715788,38.85,51.3193307970522,26.3806692029478,0.6419217913540387,0.7466050544369984,13.244321441041633,14.504209057881617,0,🟡 Monitorear
2020-04-20,45.0,59.92832026647295,0.7954234586261677,-0.3760488107954766,1.1714722694216442,38.1,46.27956375107459,29.920436248925416,0.42937342525325917,0.9217828853704766,13.242472299596507,9.514392117650985,0,🟡 Monitorear
2020-04-27,46.0,61.46313887001261,1.1503588585036724,-0.0707672769356468,1.2211261354393192,38.1,46.27956375107459,29.920436248925416,0.42937342525325917,0.982910839771995,13.302130996423207,9.514392117650985,0,🟠 Aumentar orden +20%
2020-05-04,47.0,62.98974252143631,1.495104726117063,0.24240712367489517,1.2526976024421677,38.7,47.64662535614165,29.753374643858358,0.46235789954220385,0.9638620524275248,13.392720758165012,10.406631008514074,0,🟠 Aumentar orden +20%
2020-05-11,47.0,62.98974252143631,1.7481665343484423,0.5435590058096046,1.2046075285388378,39.4,48.65430198681439,30.145698013185612,0.46976152217331923,0.9106198398770943,13.42612585264307,10.764517590090456,0,🟠 Aumentar orden +20%
2020-05-18,48.0,64.61541635461167,2.0062842868448385,0.8361040620166513,1.1701802248281872,40.1,49.7441965096004,30.455803490399607,0.4810073072119898,0.9095727410850596,13.541754334789895,11.21803925545105,0,🟠 Aumentar orden +20%
2020-05-25,50.0,67.67372717899254,2.3451938161585986,1.137922012845041,1.2072718033135577,40.9,51.0545945007018,30.745405499298194,0.4965571882983768,0.9480730372527963,13.755270698981624,11.811729429057456,0,🟠 Aumentar orden +20%
2020-06-01,49.0,64.66428039111364,2.5042232899382313,1.411182268263679,1.0930410216745523,41.65,51.87432599760309,31.42567400239691,0.4909640334983476,0.8594368959735379,13.700937522280801,11.892840454615811,0,🟠 Aumentar orden +20%
2020-06-08,51.0,67.75294862160783,2.7598250338973287,1.680910821390409,1.0789142125069198,42.45,52.98265598532785,31.917344014672153,0.49623820896715426,0.9058805306045444,13.86285661654516,12.251487015009507,0,🟠 Aumentar orden +20%
2020-06-15,48.0,59.369940667087526,2.6893155736499352,1.8825917718423142,0.806723801807621,43.05,53.40120130328128,32.69879869671871,0.48089204661004814,0.7391026826244251,13.816924794769411,12.040420624537534,0,🟡 Monitorear
2020-06-22,52.0,65.49939493864883,2.9225139672036775,2.090576210914587,0.8319377562890904,43.85,54.37865763423557,33.32134236576443,0.48021243485681053,0.8870388934245047,14.110676701824357,12.246836170383354,0,🟠 Aumentar orden +20%
2020-06-29,51.0,62.94289515704153,2.9921421790511573,2.2708894045419012,0.7212527745092561,44.65,54.770848726631975,34.52915127336802,0.45334148831498217,0.8137088682735978,14.2645135181242,11.77247666001194,0,🟠 Aumentar orden +20%
2020-07-06,51.0,62.94289515704153,3.01259571050943,2.419230665735407,0.5933650447740231,45.4,55.03327566303382,35.76672433696618,0.42437337722615953,0.7906591794880904,14.372831141388035,11.205336228779556,0,🟠 Aumentar orden +20%
2020-07-13,51.0,62.94289515704153,2.994288982044999,2.5342423289973253,0.4600466530476739,46.1,55.182081838780995,37.01791816121901,0.3940165656737958,0.7697619382307659,14.5562428665986,10.564192723286363,0,🟠 Aumentar orden +20%
2020-07-20,49.0,57.351299247192415,2.7862789927119636,2.584649661740253,0.20162933097171054,46.6,55.119945638571316,38.08005436142869,0.3656629029429749,0.6408459690831108,14.5562428665986,9.910321148336095,0,🟡 Monitorear
2020-07-27,50.0,59.298257988508084,2.671327815967139,2.6019852925856304,0.06934252338150859,47.2,54.811625457500064,39.58837454249994,0.32252650243644326,0.6839291762077597,14.646251505544004,8.853771601918993,0,🟡 Monitorear
2020-08-03,51.0,61.205499919050915,2.6305959502443557,2.607707424117376,0.02288852612697978,47.75,54.73494621913515,40.76505378086485,0.29256319242450907,0.7326431656049602,14.789967649114043,8.124824168137907,0,🟠 Aumentar orden +20%
2020-08-10,51.0,61.20549991905091,2.5687052184074872,2.5999069829753982,-0.031201764567911017,48.3,54.3905448723497,42.209455127650294,0.2521964750455364,0.7216550453685727,14.963359948561891,7.084464879691265,-1,🔵 Reducir orden -10%
2020-08-17,49.0,55.205210215967085,2.331398175305587,2.5462052214414364,-0.21480704613584933,48.7,53.730433694811495,43.66956630518851,0.20658865276433233,0.5298185025586785,14.963359948561891,5.8513534646627825,0,🟢 Orden estándar
2020-08-24,48.0,52.43714997945201,2.039133133840494,2.444790803921248,-0.40565767008075415,48.95,53.22846504694088,44.67153495305912,0.17480960355223207,0.3889788756508299,14.995443668854607,4.976670560567698,0,🟢 Orden estándar
2020-08-31,48.0,52.43714997945201,1.7869125670648174,2.313215156549962,-0.5263025894851445,49.1,52.98790296608395,45.21209703391605,0.15836671959608753,0.3585355640822532,15.069362951822333,4.522372397897296,0,🟢 Orden estándar
2020-09-07,48.0,52.43714997945202,1.5689401849235978,2.164360162224689,-0.5954199773010913,49.25,52.6759074863842,45.8240925136158,0.13912314665519585,0.31756658564658347,15.124784590166698,3.9849835732343455,0,🟢 Orden estándar
2020-09-14,47.0,49.34679431938965,1.3005123620502914,1.9915906021898095,-0.6910782401395181,49.3,52.550910803549016,46.04908919645098,0.13188279121902713,0.14625298278115048,15.17758384203662,3.781429067095388,0,🟢 Orden estándar
2020-09-21,45.0,43.78847055522933,0.9158408499751829,1.7764406517468845,-0.8605998017717016,49.2,52.84763802451599,45.55236197548402,0.14827796847625951,-0.0757150204833322,15.186925776344564,4.24289846312886,0,🔵 Reducir orden -10%
2020-09-28,45.0,43.788470555229324,0.6040231029080729,1.5419571419791223,-0.9379340390710493,49.1,53.09473337493784,45.105266625062164,0.1627182637449221,-0.013175675969087947,15.161709533322767,4.646636531151511,0,🔵 Reducir orden -10%
2020-10-05,44.0,41.103711564116324,0.2730659152867432,1.2881788966406464,-1.0151129813539033,48.9,53.483724066279464,44.31627593372053,0.18747337694394542,-0.034499887989248995,15.125054441894958,5.331744999232637,0,🔵 Reducir orden -10%
2020-10-12,43.0,38.5578047016176,-0.06911496863636302,1.0167201235852446,-1.0858350922216076,48.55,53.80056387949252,43.29943612050747,0.2162951134703409,-0.02851466312761187,15.105882989914132,6.107406838378601,0,⚪ Reducir orden -25% — riesgo overstock
2020-10-19,41.0,34.01940386687281,-0.49596192933240246,0.7141837130017152,-1.2101456423341177,48.15,54.383187914618595,41.9168120853814,0.2589070784888306,-0.07354279206240653,15.105882989914132,7.250385933466607,0,⚪ Reducir orden -25% — riesgo overstock
2020-10-26,41.0,34.01940386687281,-0.824734198489331,0.40640013070350595,-1.231134329192837,47.65,54.49489821538255,40.80510178461745,0.2872989807086065,0.014236750441705335,15.05798309792435,7.961921638914208,0,🔵 Reducir orden -10%
2020-11-02,40.0,31.845792093770697,-1.1526927090995756,0.09458156274288965,-1.2472742718424652,47.25,54.89680875990279,39.60319124009721,0.32367444486361013,0.025946036599183507,14.995239531174047,8.894696490487712,0,🔵 Reducir orden -10%
2020-11-09,38.0,27.99343801475834,-1.556048320442656,-0.2355444138942195,-1.3205039065484365,46.55,54.89707638700676,38.20292361299323,0.3586284161979277,-0.012155370550406525,14.952923035192143,9.709241250370406,0,⚪ Reducir orden -25% — riesgo overstock
2020-11-16,39.0,32.396911322748736,-1.774562849894437,-0.543348101094263,-1.231214748800174,45.95,54.6671941405598,37.232805859440205,0.3794208548665853,0.10136255497266634,14.766699452695722,10.13975876257208,0,🔵 Reducir orden -10%
2020-11-23,38.0,30.395150116180332,-2.005312833369267,-0.8357410475492639,-1.169571785820003,45.3,54.36351854530304,36.23648145469696,0.40015534416348963,0.09728664075040404,14.613121853893569,10.54260007378582,0,🔵 Reducir orden -10%
2020-11-30,62.0,73.19796597017731,-0.24871737502767388,-0.7183363130449459,0.46961893801727206,45.85,57.37160442043782,34.328395579562184,0.502578164468389,1.2008572508943292,14.863192572220607,13.401822593057592,1,🔴 ALERTA STOCKOUT — orden emergencia
2020-12-07,47.0,51.7701829500527,-0.06621418259447864,-0.5879118869548524,0.5216977043603738,45.75,57.19092377573178,34.30907622426822,0.5001496732560342,0.5546284559054344,14.883430806618968,13.307975621091975,0,🟡 Monitorear
2020-12-14,36.0,42.04898378436835,-0.799965650829499,-0.6303226397297818,-0.16964301109971724,45.05,57.09334277778214,33.006657222217854,0.5346656061168543,0.12427375160758271,14.824973538671918,14.008703774702628,-1,⚪ Reducir orden -25% — riesgo overstock
2020-12-21,36.0,42.04898378436835,-1.3657257396081732,-0.7774032597054601,-0.5883224799027131,44.3,56.647597251884115,31.95240274811588,0.557453600536529,0.16390222199976998,14.625615313015501,14.362609735735763,0,🟢 Orden estándar
2020-12-28,36.0,42.048983784368346,-1.7934212423309717,-0.9806068562305625,-0.8128143861004091,43.55,56.00581665010576,31.094183349894237,0.5720237267557181,0.1969287437313116,14.497803569926957,14.488489528442516,0,🟢 Orden estándar
2021-01-04,36.0,42.048983784368346,-2.1080724625003313,-1.2060999774845163,-0.9019724850158151,42.9,55.51411072861196,30.285889271388037,0.58807043023832,0.22649677220808476,14.368286866476994,14.672615721310978,0,🟢 Orden estándar
2021-01-11,36.0,42.048983784368346,-2.3305704559378597,-1.4309940731751851,-0.8995763827626746,42.3,55.03370992370454,29.566290076295452,0.6020666630593166,0.25262511719886993,14.237018671754248,14.811732387394397,0,🟢 Orden estándar
2021-01-18,37.0,43.44735914478522,-2.3985609584209655,-1.6245074502243413,-0.7740535081966242,41.75,54.39703002372698,29.102969976273023,0.6058457496396157,0.31220887468881753,14.118990134195222,14.710907137759657,0,🟢 Orden estándar
2021-01-25,38.0,44.879740450274184,-2.344723762834562,-1.7685507127463855,-0.5761730500881763,41.25,53.64482065006861,28.85517934993139,0.6009610012154477,0.3688968524937063,14.01453576563434,14.417539551203758,0,🟢 Orden estándar
2021-02-01,37.0,43.688077675100686,-2.35559520489268,-1.8859596111756445,-0.46963559371703534,40.75,52.973790436340835,28.526209563659165,0.5999406349124337,0.3466105902449292,13.957995451663443,14.218598804864087,0,🟢 Orden estándar
2021-02-08,38.0,45.25354400190562,-2.257496246905248,-1.9602669383215654,-0.29722930858368257,40.4,52.51176027017146,28.28823972982854,0.5995920925827455,0.40092274176237375,13.786095205745175,14.088286362491964,0,🟢 Orden estándar
2021-02-15,38.0,45.253544001905624,-2.1549116359816978,-1.9991958778535919,-0.1557157581281059,40.05,52.00561968721244,28.094380312787557,0.597034690996876,0.4142662591470416,13.677308708607766,13.90666509551968,0,🟢 Orden estándar
2021-02-22,38.0,45.253544001905624,-2.0499816800047697,-2.0093530382838276,-0.04062864172094205,39.75,51.5888299564121,27.9111700435879,0.5956644003226214,0.4260906691605883,13.626259433676065,13.770816372046701,0,🟢 Orden estándar
2021-03-01,40.0,48.80843148735009,-1.7848658264045554,-1.9644555959079733,0.17958976950341787,39.6,51.341066032475325,27.858933967524678,0.5929831329532992,0.5170342283611051,13.590493435533043,13.65709828932224,1,🟠 Aumentar orden +20%
2021-03-08,41.0,50.53784008632047,-1.477041544223141,-1.866972785571007,0.38993124134786594,39.6,51.341066032475325,27.858933967524678,0.5929831329532992,0.5596197992638681,13.481717988057087,13.65709828932224,0,🟡 Monitorear
2021-03-15,43.0,53.89276594085648,-1.0594921317536787,-1.7054766548075415,0.6459845230538628,39.7,51.52504033597209,27.874959664027916,0.5957199161698785,0.6395344077584796,13.418219634366862,13.754776414414167,0,🟡 Monitorear
2021-03-22,43.0,53.89276594085648,-0.7202782942718642,-1.5084369827004063,0.7881586884285421,39.85,51.76681695402711,27.933183045972893,0.5980836614317243,0.6321661653507024,13.353043961272423,13.861530118888034,0,🟡 Monitorear
2021-03-29,44.0,55.637639134388166,-0.3665320877630691,-1.280056003712939,0.9135239159498698,40.15,52.17234761206236,28.127652387937637,0.598871612057901,0.6601184778643893,13.31010617166162,13.984282394136114,0,🟡 Monitorear
2021-04-05,45.0,57.37482258609026,-0.0054314178457772755,-1.0251310865395067,1.0196996686937294,40.45,52.64965487001034,28.250345129989668,0.6031967797285702,0.6864806852522108,13.304585405669046,14.190524539654069,0,🟡 Monitorear
2021-04-12,45.0,57.374822586090254,0.27754410893096804,-0.7645960474454118,1.0421401563763797,40.8,53.10489846832504,28.495101531674955,0.6031812974669138,0.670663740575005,13.304585405669046,14.312942909717771,0,🟡 Monitorear
2021-04-19,48.0,62.4859386092925,0.7354019249648189,-0.4645964529633656,1.1999983779281846,40.1,48.20198156398522,31.99801843601478,0.4040888560591132,0.9875350516173065,13.354877792766516,9.424149242630149,0,🟠 Aumentar orden +20%
2021-04-26,48.0,62.4859386092925,1.0857417873849045,-0.15452880489371157,1.2402705922786161,40.15,48.44140328418845,31.858596715811544,0.41302133420614967,0.973381871013909,13.395463263667487,9.644482817434403,0,🟠 Aumentar orden +20%
2021-05-03,49.0,64.14786825785728,1.4276235395672003,0.16190166399847084,1.2657218755687296,40.8,49.73485192643767,31.865148073562324,0.43798293757047424,0.9588772185321119,13.451106266918025,10.392936265104504,0,🟠 Aumentar orden +20%
2021-05-10,49.0,64.14786825785728,1.679210399088177,0.4653634110164121,1.213846988071765,41.45,50.796544534577514,32.10345546542249,0.4509792296539209,0.9038925814812521,13.505915652664674,10.871813259646697,0,🟠 Aumentar orden +20%
2021-05-17,51.0,67.48868357561459,2.016730469663429,0.7756368227458155,1.2410936469176135,42.2,52.09630446708577,32.30369553291423,0.4690191690561976,0.9446104113544614,13.621690821659202,11.511288875662254,0,🟠 Aumentar orden +20%
2021-05-24,50.0,64.26419216118967,2.17841450820913,1.0561923598384784,1.1222221483706516,42.9,52.92943037685637,32.87056962314363,0.4675725117415556,0.8539582874209767,13.621690821659202,11.666139689852692,0,🟠 Aumentar orden +20%
2021-05-31,52.0,67.59853041734918,2.439808959967621,1.332915679864307,1.1068932801033142,43.7,53.96183527240102,33.43816472759899,0.46964921155153383,0.904411091177943,13.758311759024858,11.936470892538528,0,🟠 Aumentar orden +20%
2021-06-07,54.0,70.5570351911284,2.7763452516876086,1.6216015942289672,1.1547436574586414,44.55,55.280674182969655,33.81932581703034,0.4817362147236659,0.9403264808374214,13.938024043405138,12.481819932036677,0,🟠 Aumentar orden +20%
2021-06-14,51.0,61.487767269875555,2.7690577850672256,1.8510928323966191,0.9179649526706064,45.2,55.83460092538053,34.56539907461948,0.4705575630699347,0.7726947649797429,14.046316860494052,12.3700684166086,0,🟠 Aumentar orden +20%
2021-06-21,52.0,63.186415471706354,2.8115640971445046,2.0431870853461964,0.7683770117983082,45.95,56.26044437247464,35.63955562752537,0.4487679813917142,0.7933918161738708,14.046316860494052,11.99301254349464,0,🟠 Aumentar orden +20%
2021-06-28,53.0,64.85575122184721,2.8925982265823293,2.213069313593423,0.6795289129889062,46.7,56.75458785043447,36.64541214956554,0.4306033340657158,0.8132898182260037,14.154862471913784,11.695402628023448,0,🟠 Aumentar orden +20%
2021-07-05,53.0,64.85575122184721,2.923122422277693,2.355079935330277,0.5680424869474159,47.45,56.997113093550944,37.90288690644906,0.4024072958293336,0.7906637821096417,14.262009672886288,11.105112733141812,0,🟠 Aumentar orden +20%
2021-07-12,52.0,61.615384826516255,2.8339533742067857,2.450854623105579,0.3830987511012065,48.15,56.78956626591619,39.510433734083804,0.3588604887192604,0.7228121112508027,14.311361682554836,10.049462744215107,0,🟠 Aumentar orden +20%
2021-07-19,53.0,63.57525296734824,2.8115678992315054,2.522997278330765,0.2885706209007406,48.8,56.789466749875594,40.8105332501244,0.32743716188014743,0.7628460779353892,14.49104540880228,9.293273062302935,0,🟠 Aumentar orden +20%
2021-07-26,52.0,60.26168692803475,2.682216682094378,2.5548411590834874,0.1273755230108904,49.35,56.55453073821565,42.145469261784356,0.2919769296136026,0.6839120475913416,14.579217058589872,8.380242828726397,0,🟠 Aumentar orden +20%
2021-08-02,53.0,62.37364073440193,2.6300786438006867,2.569888656026927,0.0601899877737595,49.85,56.57074557267503,43.12925442732497,0.26963873912437425,0.7343489993734592,14.680766043027369,7.817508445116824,0,🟠 Aumentar orden +20%
2021-08-09,51.0,55.96711483642853,2.399713187658328,2.5358535623532075,-0.13614037469487927,50.25,56.15717672345298,44.34282327654702,0.23511151138121303,0.5634821027972899,14.680766043027369,6.871172762460433,-1,⚪ Reducir orden -25% — riesgo overstock
2021-08-16,53.0,60.35262947083267,2.3514244321318856,2.498967736308943,-0.14754330417705752,50.7,55.93550630940207,45.46449369059793,0.20652884849712302,0.7196540185492273,14.851586039871233,6.089892013561597,0,🟡 Monitorear
2021-08-23,50.0,51.98840203998527,2.0474782626210626,2.408669841571367,-0.3611915789503044,50.95,55.46780104871706,46.43219895128295,0.17734253380636128,0.39486035465530517,14.906995945221812,5.255063961251219,0,🟢 Orden estándar
2021-08-30,50.0,51.98840203998527,1.7860107137151928,2.2841380160001323,-0.4981273022849395,51.2,54.78945824969664,47.61054175030337,0.14021321287877475,0.33284385601902156,14.961655068184674,4.175224292745971,0,🟢 Orden estándar
2021-09-06,50.0,51.98840203998527,1.5608038225357745,2.1394711773072608,-0.5786673547714862,51.3,54.61503750871841,47.984962491281586,0.12924122841007454,0.3039237871998355,15.015571607672085,3.8560206512876913,0,🟢 Orden estándar
2021-09-13,47.0,44.317311735117585,1.1272564995600405,1.9370282417578168,-0.8097717421977764,51.25,54.79668117659602,47.70331882340398,0.13840707030618604,-0.09915168412163339,15.015571607672085,4.125466401064861,0,🔵 Reducir orden -10%
2021-09-20,48.0,47.11835006668384,0.8545085228746601,1.7205242979811857,-0.8660157751065256,51.2,54.904904288841095,47.49509571115891,0.14472282378285517,0.06813999087126558,15.042253908225227,4.309510046641559,0,🟢 Orden estándar
2021-09-27,48.0,47.11835006668384,0.6310790992849817,1.5026352582419449,-0.8715561589569631,51.15,55.003911205379126,47.29608879462087,0.15069056521521515,0.09132426356848063,15.067670065503343,4.482833499496696,0,🟢 Orden estándar
2021-10-04,44.0,38.2032116477449,0.12974745289096035,1.228057697171748,-1.0983102442807877,50.8,55.80946472610644,45.79053527389355,0.19722302071285214,-0.1787152292501747,15.067670065503343,5.826962556218995,0,⚪ Reducir orden -25% — riesgo overstock
2021-10-11,45.0,41.198581871951134,-0.1847402752284708,0.9454981026917043,-1.130238377920175,50.55,56.18728191315819,44.91271808684181,0.22303786006560597,0.007741489116808711,15.048696727919623,6.5572336412785415,0,🟢 Orden estándar
2021-10-18,44.0,39.154711647677736,-0.5088005719006361,0.6546383677732363,-1.1634389396738722,50.15,56.45037592863352,43.84962407136648,0.2512612533851853,0.0119338854011952,14.98734407519744,7.328538403500263,0,🔵 Reducir orden -10%
2021-10-25,44.0,39.154711647677736,-0.75689566961357,0.37233156029587505,-1.129227229909445,49.65,56.244255873585374,43.05574412641462,0.2656296424404985,0.07159684820297801,14.924508644400062,7.670376809175419,0,🔵 Reducir orden -10%
2021-11-01,41.0,33.391126177864976,-1.1819628183104527,0.061472684574609526,-1.2434355028850623,49.15,56.75263112349924,41.547368876500755,0.3093644404272327,-0.035998647547746544,14.888982931855953,8.843309476660828,0,⚪ Reducir orden -25% — riesgo overstock
2021-11-08,40.0,31.7152560548693,-1.5812950536905106,-0.2670808630784145,-1.314214190612096,48.55,57.04705831449916,40.052941685500834,0.35003329822859586,-0.00311529493745472,14.795761739769603,9.883698826856229,0,⚪ Reducir orden -25% — riesgo overstock
2021-11-15,41.0,35.21677544943972,-1.7963696534476483,-0.5729386211522614,-1.223431032295387,47.95,56.810913580082115,39.08908641991789,0.3695897217969598,0.10782824834097983,14.715823685478206,10.30693187157373,0,🔵 Reducir orden -10%
2021-11-22,40.0,33.373785347877615,-2.0241760247280496,-0.863186101867419,-1.1609899228606306,47.3,56.5018304815143,38.0981695184857,0.38908374129024526,0.10333979121517829,14.620381922906255,10.70348322546889,0,🔵 Reducir orden -10%
2021-11-29,65.0,72.34231176469439,-0.18528727260041222,-0.7276063360140177,0.5423190634136055,47.95,59.95833044182244,35.941669558177566,0.5008688401177241,1.209923835066135,15.00415095594376,13.96797775270276,1,🔴 ALERTA STOCKOUT — orden emergencia
2021-12-06,49.0,51.55820754387606,-0.01880420728558363,-0.5858459102683309,0.5670417029827473,47.75,59.535361124806684,35.964638875193316,0.49362769109137944,0.553031892139856,15.036758376386649,13.708621926786742,0,🟡 Monitorear
2021-12-13,38.0,42.51472527374905,-0.7656473417849625,-0.6218061965716573,-0.14384114521330527,47.05,59.42101876415832,34.678981235841675,0.5258668975200137,0.134225758907588,14.913018255215547,14.389853419940303,-1,⚪ Reducir orden -25% — riesgo overstock
2021-12-20,39.0,43.48521723381643,-1.2622834461159798,-0.7499016464805218,-0.5123817996354579,46.35,58.88668301635768,33.81331698364232,0.5409571959593389,0.20686025999022906,14.735225642522352,14.58255252997475,0,🟢 Orden estándar
2021-12-27,38.0,42.70872587090464,-1.7167728902942372,-0.9432758952432649,-0.7734969950509722,45.7,58.56529399095426,32.834706009045746,0.5630325597791797,0.20074527618980315,14.6075347300595,14.964789744772977,0,🟢 Orden estándar
2022-01-03,38.0,42.70872587090464,-2.053290000231115,-1.1652787162408351,-0.8880112839902801,44.95,57.77226681658859,32.127733183411415,0.5705124278793587,0.22898707773696617,14.478153925865541,14.914740937637548,0,🟢 Orden estándar
2022-01-10,40.0,44.98727050876236,-2.133999530805802,-1.3590228791538286,-0.7749766516519736,44.45,57.222915423702304,31.677084576297702,0.5747093553971788,0.3258032777801739,14.24396899445278,14.857335858618422,0,🟢 Orden estándar
2022-01-17,39.0,44.04405476355911,-2.2526864903067008,-1.5377556013844031,-0.7149308889222976,43.9,56.61385485457331,31.186145145426686,0.579218899980561,0.3072968404921889,14.124553784379993,14.788637156525535,0,🟢 Orden estándar
2022-01-24,38.0,43.07153939113032,-2.399775287746934,-1.7101595386569093,-0.6896157490900245,43.3,55.93412255091656,30.665877449083432,0.583562242536562,0.29025057028533024,14.124553784379993,14.69589328600625,0,🟢 Orden estándar
2022-01-31,40.0,45.65603149615448,-2.3281237724907413,-1.8337523854236757,-0.4943713870670656,42.95,55.54030537650631,30.35969462349369,0.5862773167174067,0.38284636822611373,13.953827958199453,14.644925558201466,0,🟢 Orden estándar
2022-02-07,39.0,44.5665754316957,-2.3252273001676116,-1.932047368372463,-0.39317993179514854,42.5,54.97312901273857,30.026870987261432,0.5869707770700503,0.35969839659216557,13.896159544111992,14.508627106873867,0,🟢 Orden estándar
2022-02-14,41.0,47.276341373900216,-2.1369155078897535,-1.9730209962759213,-0.16389451161383217,42.15,54.363452462454305,29.936547537545692,0.5795232485150323,0.4529207648887469,13.743990653782182,14.206573770247108,0,🟢 Orden estándar
2022-02-21,42.0,48.62852840178772,-1.8852533856448304,-1.9554674741497033,0.07021408850487298,42.05,54.232385904074334,29.86761409592566,0.5794238242128104,0.4979478568322452,13.551998062626854,14.170437439854904,1,🟠 Aumentar orden +20%
2022-02-28,41.0,47.3215310821623,-1.7463699179527055,-1.913647962910304,0.16727804495759857,41.85,53.95958732835919,29.74041267164081,0.5787138508176435,0.4649038411899717,13.507124397970966,14.08575881688196,0,🟡 Monitorear
2022-03-07,44.0,51.53034242706167,-1.378340193487901,-1.8065864090258237,0.42824621553792275,41.85,53.95958732835919,29.74041267164081,0.5787138508176435,0.5887726369900714,13.418219634366874,14.08575881688196,0,🟡 Monitorear
2022-03-14,44.0,51.53034242706167,-1.074290236217891,-1.6601271744642372,0.5858369382463462,41.85,53.95958732835919,29.74041267164081,0.5787138508176435,0.5887726369900714,13.396072633087293,14.08575881688196,0,🟡 Monitorear
2022-03-21,45.0,52.98256557549382,-0.744059754183354,-1.4769136904080606,0.7328539362247066,42.05,54.232385904074334,29.86761409592566,0.5794238242128104,0.6210764468975404,13.35915575395848,14.170437439854904,0,🟡 Monitorear
2022-03-28,47.0,55.83278378201915,-0.3173086955616071,-1.24499269143877,0.9276839958771628,42.4,54.735656490541196,30.0643435094588,0.5818705891764716,0.6864513657431696,13.338287733603751,14.348720353727474,0,🟡 Monitorear
2022-04-04,47.0,55.83278378201915,0.020656477951860097,-0.9918628575606439,1.012519335512504,42.7,55.18325193799148,30.216748062008527,0.5846956411237225,0.6722307625192357,13.331554084009557,14.52040199892984,0,🟡 Monitorear
2022-04-11,47.0,55.83278378201915,0.2852086055997134,-0.7364485649285725,1.021657170528286,43.05,55.6068182359436,30.493181764056395,0.5833597322157307,0.6572850671953353,13.32420440336513,14.605973629234514,0,🟡 Monitorear
2022-04-18,48.0,57.44382203745529,0.5690006303312245,-0.4753587258766131,1.0443593562078375,42.2,49.83923391033693,34.560766089663076,0.36204900048990174,0.8796192175861904,13.32420440336513,8.885885496259277,0,🟡 Monitorear
2022-04-25,49.0,59.052317487041414,0.864632551356415,-0.2073604704300075,1.0719930217864224,42.2,49.83923391033693,34.560766089663076,0.36204900048990174,0.9450708068251888,13.340200082281157,8.885885496259277,0,🟡 Monitorear
2022-05-02,51.0,62.13487569530372,1.2459437994376046,0.08330038354351493,1.1626434158940897,42.85,51.16675544023215,34.53324455976785,0.38817995053592297,0.9899747298432346,13.3954632636675,9.673972208429845,0,🟠 Aumentar orden +20%
2022-05-09,52.0,63.609967630028386,1.6102652183110422,0.38869335049702036,1.221571867814022,43.5,52.549571086084946,34.450428913915054,0.41607223384298603,0.9696355174815968,13.488603615924875,10.52637651956162,0,🟠 Aumentar orden +20%
2022-05-16,53.0,65.0751734752495,1.9571237063935243,0.7023794216763212,1.2547442847172032,44.25,53.84989035025096,34.65010964974904,0.43389334916388517,0.9557343719957831,13.573063747120946,11.166502744934547,0,🟠 Aumentar orden +20%
2022-05-23,54.0,66.52661811632184,2.2863476078097875,1.0191730589030144,1.2671745489067732,45.05,55.11243666210857,34.98756333789142,0.44672304826231185,0.9447232961824447,13.738644241958125,11.70453229241603,0,🟠 Aumentar orden +20%
2022-05-30,54.0,66.52661811632183,2.518231318517003,1.3189847108258121,1.199246607691191,45.75,56.27065637335975,35.22934362664025,0.45991940429987976,0.8920858027874824,13.835153568526303,12.237529178503962,0,🟠 Aumentar orden +20%
2022-06-06,55.0,68.06580569127529,2.7509808774070805,1.6053839441420656,1.1455969332650149,46.55,57.33937098795795,35.760629012042045,0.4635605150572697,0.8915890930727599,13.894397153074351,12.550095507080457,0,🟠 Aumentar orden +20%
2022-06-13,54.0,64.85425265001979,2.822212231210905,1.8487496015558338,0.9734626296550712,47.35,57.83859029211212,36.86140970788788,0.4430238771747464,0.8170111432897273,14.024434168688789,12.20023021245259,0,🟠 Aumentar orden +20%
2022-06-20,57.0,69.5031228256892,3.085174548507794,2.0960345909462257,0.9891399575615685,48.2,58.933126291998946,37.46687370800106,0.445357937427342,0.9099457958749632,14.31000695649806,12.48467220234471,0,🟠 Aumentar orden +20%
2022-06-27,56.0,66.3525073428336,3.1762683919910373,2.312081351155188,0.8641870408358492,49.05,59.401201303281255,38.69879869671874,0.4220673314283897,0.8357098271191432,14.47695577367186,12.040420624537504,0,🟠 Aumentar orden +20%
2022-07-04,54.0,60.4504267579001,3.0518972620478024,2.4600445333337113,0.5918527287140911,49.7,59.54297772659853,39.857022273401476,0.39609568316291854,0.7184298349258769,14.52459401747771,11.449259709463112,0,🟠 Aumentar orden +20%
2022-07-11,54.0,60.4504267579001,2.9196760375959983,2.551970834186169,0.3677052034098294,50.3,59.615521851642015,40.98447814835798,0.37039848316668067,0.698593275767359,14.611725273219125,10.835727964761492,0,🟠 Aumentar orden +20%
2022-07-18,56.0,64.14887813305047,2.9423554083235572,2.630047749013647,0.31230765930991033,51.05,59.596467414268695,42.5035325857313,0.3348273227921135,0.7895933348868659,14.77277895643799,9.941171029982671,0,🟠 Aumentar orden +20%
2022-07-25,55.0,61.07358705928718,2.8468209505366104,2.6734023893182397,0.17341856121837074,51.6,59.636757659915425,43.56324234008458,0.31150223488044276,0.7115280902992774,14.90952834920599,9.34828140693016,0,🟠 Aumentar orden +20%
2022-08-01,55.0,61.07358705928718,2.739529612378327,2.686627833930257,0.05290177844806987,52.15,59.47048315920535,44.829516840794646,0.28074719690145167,0.6946592825923099,15.006394984216668,8.515117601252264,0,🟠 Aumentar orden +20%
2022-08-08,54.0,57.856809645288905,2.5444776567001455,2.6581977984842347,-0.11372014178408918,52.6,59.13412096935035,46.065879030649654,0.2484456642338535,0.6071299419284545,15.11796923771673,7.600428450526794,-1,⚪ Reducir orden -25% — riesgo overstock
2022-08-15,53.0,54.75120648859725,2.2828901967619757,2.583136278139783,-0.3002460813778072,52.9,58.87891030381383,46.921089696186165,0.2260457581782168,0.5083627278984444,15.11796923771673,6.954612592789595,0,🟢 Orden estándar
2022-08-22,52.0,51.75919228218755,1.9721548341692454,2.460939989345676,-0.4887851551764304,53.15,58.472247249937965,47.82775275006203,0.20027270931093005,0.3919629297555274,15.170254128160535,6.1907882650033645,0,🟢 Orden estándar
2022-08-29,51.0,48.88240840447003,1.6264544237713139,2.2940428762308036,-0.6675884524594897,53.35,57.95091524075701,48.74908475924299,0.17248042139670144,0.24461602996044932,15.192635639586213,5.351741612734284,0,🟢 Orden estándar
2022-09-05,51.0,48.88240840447003,1.3370714307384972,2.1026485871323426,-0.7655771563938454,53.5,57.52622978924304,49.47377021075696,0.15051326314927252,0.1895358522904851,15.214850099682456,4.683272865938964,0,🟢 Orden estándar
2022-09-12,51.0,48.88240840447003,1.0951095822855734,1.901140786162989,-0.8060312038774156,53.6,57.23607654369067,49.96392345630933,0.1356744978989056,0.14247177297305136,15.260385600764238,4.229450256674292,0,🟢 Orden estándar
2022-09-19,50.0,45.70934470222781,0.8132863724459867,1.6835699034195888,-0.8702835309736021,53.55,57.35995924829685,49.74004075170314,0.14229539676178735,0.034115751817170616,15.282301277428346,4.431708993747355,0,🟢 Orden estándar
2022-09-26,48.0,40.10257027915727,0.4236723320024751,1.431590389136166,-1.007918057133691,53.35,57.858471558019666,48.84152844198034,0.1690148662800249,-0.09332746487924795,15.282301277428346,5.24421198485562,0,🔵 Reducir orden -10%
2022-10-03,48.0,40.10257027915727,0.11359099168915066,1.167990509646763,-1.0543995179576124,53.1,58.20520889824652,47.994791101753485,0.1922865875045769,0.0005101552502880094,15.241116584665344,5.938331282528006,0,🟢 Orden estándar
2022-10-10,47.0,37.439529357493804,-0.210416793361901,0.8923090490450303,-1.1027258424069313,52.75,58.51285747835118,46.98714252164882,0.2184969660038362,0.0011155471395466582,15.219677954541954,6.703301965213877,0,🔵 Reducir orden -10%
2022-10-17,45.0,32.75469848944276,-0.6214152939761206,0.5895641804408001,-1.2109794744169207,52.3,58.98383753621562,45.61616246378438,0.2555960816908459,-0.046093465052506916,15.198276220526305,7.774577362010933,0,⚪ Reducir orden -25% — riesgo overstock
2022-10-24,45.0,32.75469848944276,-0.9363410104804188,0.28438314225655625,-1.2207241527369752,51.8,59.10104534692761,44.49895465307238,0.281893642738518,0.03431326084958955,15.176709841898841,8.492507719656146,0,🔵 Reducir orden -10%
2022-10-31,44.0,30.53877615099175,-1.252179209901378,-0.022929328175030628,-1.2292498817263473,51.3,59.30263114626412,43.297368853735875,0.3119934170083478,0.043900008223678705,15.068821248892412,9.308585765161462,0,🔵 Reducir orden -10%
2022-11-07,43.0,28.46493356927843,-1.5651330218704942,-0.33137006691412335,-1.233762954956371,50.6,58.94518455536824,42.25481544463176,0.3298491919117882,0.04464757791898577,14.937629694874861,9.707040689487535,0,⚪ Reducir orden -25% — riesgo overstock
2022-11-14,43.0,28.46493356927843,-1.792488481141227,-0.6235937497595441,-1.1688947313816829,49.95,58.54559250583196,41.35440749416804,0.3441678681013797,0.09572304089075015,14.855982479835424,9.998312877417629,0,⚪ Reducir orden -25% — riesgo overstock
2022-11-21,42.0,26.386769867248915,-2.029960838334631,-0.9048671674745615,-1.1250936708600694,49.35,58.4175825130835,40.2824174869165,0.36748054764269505,0.09471005698625963,14.758958280605654,10.54732724313049,0,⚪ Reducir orden -25% — riesgo overstock
2022-11-28,67.0,75.17759374549466,-0.19857922829145735,-0.7636095796379407,0.5650303513464834,50.0,61.8942710668004,38.1057289331996,0.47577084267201597,1.2146297534554615,15.018289530387694,13.835304953556067,1,🔴 ALERTA STOCKOUT — orden emergencia
2022-12-05,52.0,52.63540145209241,0.04194572804767205,-0.6024985181008182,0.6444442461484903,49.8,61.4003629707277,38.199637029272296,0.46587803095291974,0.5948246190895695,15.07423740220112,13.493433802760217,0,🟡 Monitorear
2022-12-12,40.0,41.82941951254677,-0.7273517645988434,-0.6274691674004234,-0.09988259719842008,49.05,61.16306384815471,36.93693615184529,0.49390678279937655,0.1264363783825566,14.948350327925683,14.089802672220207,-1,⚪ Reducir orden -25% — riesgo overstock
2022-12-19,40.0,41.82941951254677,-1.3217888113777505,-0.7663330961958887,-0.5554557151818618,48.3,60.71560986907415,35.884390130925844,0.5141039283260519,0.16574336309187934,14.888366131297898,14.441721376476837,0,🟢 Orden estándar
2022-12-26,41.0,42.961155528935784,-1.69268064220023,-0.951602605396757,-0.7410780368034731,47.65,60.169878929967794,35.1301210700322,0.5254933443847973,0.23442235195731626,14.706113107993518,14.563006173719357,0,🟢 Orden estándar
2023-01-02,41.0,42.96115552893579,-1.9639756020503185,-1.1540772047274692,-0.8098983973228493,47.05,59.64030537650629,34.459694623493704,0.5351883263127012,0.25973577212474164,14.52030805663497,14.644925558201447,0,🟢 Orden estándar
2023-01-09,41.0,42.96115552893579,-2.154147144929439,-1.3540911927678634,-0.8000559521615758,46.5,59.1407861181261,33.8592138818739,0.5436897255108001,0.28245023890906035,14.464898252250673,14.703644285113699,0,🟢 Orden estándar
2023-01-16,43.0,45.60470313925957,-2.1190490985249966,-1.50708277391929,-0.6119663246057065,46.1,58.64717414190812,33.552825858091886,0.5443459497574019,0.37646620805054964,14.254567080574601,14.594755709175992,0,🟢 Orden estándar
2023-01-23,42.0,44.49431296354198,-2.147174001216385,-1.6351010193787092,-0.5120729818376757,45.65,58.10243582174733,33.19756417825267,0.5455612627271558,0.3534423283826317,14.008491391684215,14.484556980489657,0,🟢 Orden estándar
2023-01-30,43.0,45.91254473404894,-2.0649678822285438,-1.7210743919486764,-0.3438934902798674,45.25,57.49100099106103,33.00899900893897,0.5410387178369516,0.4080957512525708,13.854021236832983,14.238617961282882,0,🟢 Orden estándar
2023-02-06,43.0,45.912544734048936,-1.9770289812297648,-1.7722653098048942,-0.20476367142487062,44.9,56.96822709693338,32.831772903066614,0.5375602270348946,0.42128089798364826,13.627682131152142,14.03764898219668,0,🟢 Orden estándar
2023-02-13,43.0,45.912544734048936,-1.8856007370714067,-1.7949323952581968,-0.09066834181320993,44.65,56.65482359194351,32.645176408056486,0.5377300601094519,0.4312776240582444,13.527882827037356,13.963898617694925,0,🟢 Orden estándar
2023-02-20,43.0,45.912544734048936,-1.7924805943596311,-1.7944420350784838,0.001961440718852625,44.4,56.319025039605215,32.48097496039478,0.5368930198020367,0.4412703641720695,13.481415242405406,13.864098543398043,1,🟠 Aumentar orden +20%
2023-02-27,45.0,49.39114831579008,-1.5395519287665422,-1.7434640138160957,0.2039120850495535,44.3,56.16059375455232,32.43940624544767,0.5354669866615046,0.5295094838625313,13.308342842581387,13.796131818661847,0,🟡 Monitorear
2023-03-06,44.0,47.73794304782035,-1.4036157727746073,-1.6754943656077983,0.27187859283319105,44.25,56.10659931719127,32.39340068280873,0.5358914945623172,0.4894573480425573,13.308342842581387,13.79148552645127,0,🟡 Monitorear
2023-03-13,46.0,51.25230449374884,-1.121573305569811,-1.5647101536002008,0.4431368480303899,44.3,56.17833055787321,32.421669442126785,0.536267745276443,0.5715588773909481,13.252100416916225,13.816763102535198,0,🟡 Monitorear
2023-03-20,46.0,51.25230449374884,-0.8878184004313567,-1.4293318029664321,0.5415134025350754,44.4,56.30134888418776,32.49865111581224,0.5360967965850343,0.5672192713435104,13.22766986211658,13.84353780459921,0,🟡 Monitorear
2023-03-27,48.0,54.779011233653264,-0.5350153448336457,-1.250468511339875,0.7154531665062294,44.65,56.6372739537438,32.662726046256196,0.5369439620937874,0.6397315191480106,13.219104641631226,13.943485042541482,0,🟡 Monitorear
2023-04-03,51.0,59.510849240432904,-0.013189414153572443,-1.0030126919026146,0.9898232777490421,45.05,57.33563560037747,32.76436439962252,0.5454222242120966,0.742152713686917,13.231449141348486,14.29053652173166,0,🟡 Monitorear
2023-04-10,48.0,53.48389960231865,0.15648263312174748,-0.7711136268977422,0.9275962600194897,45.35,57.615055195447255,33.08494480455275,0.5409065135809152,0.6080304963072514,13.222114675685749,14.266597587039644,0,🟡 Monitorear
2023-04-17,52.0,59.38948948286861,0.6067216145126935,-0.4955465786156551,1.1022681931283485,44.6,52.26124903929539,36.93875096070461,0.3435537685782687,0.9829499708235943,13.26341414029072,8.911493288533523,0,🟡 Monitorear
2023-04-24,50.0,55.589294874798014,0.7930145872319514,-0.23783434544613383,1.0308489326780852,44.5,51.79816126806856,37.20183873193144,0.3280072480030814,0.8768072393839798,13.269336526563972,8.489152986078864,0,🟡 Monitorear
2023-05-01,52.0,58.45233571115444,1.089477576260066,0.027628038895106122,1.0618495373649597,45.1,52.80235780715704,37.397642192842966,0.3415679737098464,0.9479147926358675,13.291080545902895,8.959310623150886,0,🟡 Monitorear
2023-05-08,55.0,62.37100354756394,1.548649689301918,0.3318323689764685,1.2168173203254495,45.85,54.34210159346222,37.357898406537785,0.37042973144873353,1.0387359006069992,13.40277386813953,9.87793321526635,0,🔴 ALERTA STOCKOUT — orden emergencia
2023-05-15,54.0,60.328431877884356,1.8109794110378274,0.6276617773887403,1.1833176336490872,46.5,55.40889561352196,37.59110438647804,0.3831783059579339,0.9209275944717809,13.439495010977037,10.36274412448135,0,🟠 Aumentar orden +20%
2023-05-22,54.0,60.32843187788435,1.9958704532977194,0.9013035125705362,1.0945669407271832,47.15,56.263899159785346,38.03610084021465,0.38659169288591083,0.8757996374496497,13.439495010977037,10.601202333747416,0,🟠 Aumentar orden +20%
2023-05-29,55.0,61.78005538435845,2.1977552248312833,1.1605938550226857,1.0371613698085975,47.85,57.124186019041716,38.57581398095829,0.3876357792702911,0.8854785738241422,13.483837017292231,10.78764651056203,0,🟠 Aumentar orden +20%
2023-06-05,57.0,64.57217365829864,2.4904255703367184,1.4265601980854923,1.0638653722512261,48.55,58.37960083785594,38.720399162144055,0.40492691402084213,0.929824167806347,13.595072531407828,11.433699837484069,0,🟠 Aumentar orden +20%
2023-06-12,56.0,62.128250376013504,2.6115727006291536,1.6635626985942245,0.9480100020349291,49.25,59.10953986328919,39.39046013671081,0.40038740561580477,0.8423080637430561,13.689314559432486,11.468524632089391,0,🟠 Aumentar orden +20%
2023-06-19,57.0,63.61142371471906,2.756499110965059,1.8821499810683915,0.8743491298966677,49.95,59.92839771970584,39.971602280294164,0.399535444232466,0.8532631289128366,13.689314559432486,11.606778979952733,0,🟠 Aumentar orden +20%
2023-06-26,57.0,63.61142371471906,2.838632348567664,2.0734464545682463,0.7651858939994178,50.65,60.539388252060846,40.76061174793915,0.39049904252954976,0.8210512034794835,13.747553773212228,11.503243998976934,0,🟠 Aumentar orden +20%
2023-07-03,57.0,63.61142371471906,2.8706326646544014,2.2328836965854775,0.6377489680689239,51.35,60.93672327533729,41.76327672466271,0.3733874693412772,0.794678371208186,13.897040655817458,11.151186926440602,0,🟠 Aumentar orden +20%
2023-07-10,59.0,66.85401027159702,3.022534534355927,2.3908138641395675,0.6317206702163594,52.15,61.46947592834202,42.830524071657976,0.3574103903486874,0.8675099357877009,14.17726358013651,10.840327309828298,0,🟠 Aumentar orden +20%
2023-07-17,58.0,63.79307101479101,3.0273290529613277,2.5181169019039196,0.5092121510574081,52.8,61.828609498349294,43.7713905016507,0.3419927840283825,0.7879734692784487,14.294239921323465,10.501994196592465,0,🟠 Aumentar orden +20%
2023-07-24,55.0,55.572646181978726,2.7572697264788175,2.565947466818899,0.19132225965991845,53.35,61.40964606771545,45.29035393228455,0.30214230806805803,0.6023618150311469,14.294239921323465,9.374904988992165,0,🟡 Monitorear
2023-07-31,57.0,59.33480429562057,2.6738070663973303,2.5875193867345856,0.08628767966274475,53.9,61.32400090744089,46.47599909255911,0.27547313200151735,0.7087823020665951,14.394963938251495,8.63552847863185,0,🟡 Monitorear
2023-08-07,55.0,54.3759835839836,2.4184011980554416,2.553695748998757,-0.13529455094331544,54.35,60.78264699547705,47.91735300452295,0.23671194095591722,0.5505235247991246,14.43382674831256,7.4823948723864016,-1,⚪ Reducir orden -25% — riesgo overstock
2023-08-14,56.0,56.34070205335948,2.270508837410887,2.497058366681183,-0.22654952927029637,54.75,60.47620936433601,49.02379063566399,0.20917659778396375,0.6091472491195705,14.548950791603575,6.660673221466157,0,🟢 Orden estándar
2023-08-21,54.0,51.5585620299819,1.9692198501547722,2.391490663375901,-0.4222708132211288,54.9,60.36375617857772,49.43624382142228,0.199043940931793,0.4176390773504209,14.602714118760248,6.355390128403524,0,🟢 Orden estándar
2023-08-28,54.0,51.5585620299819,1.7107259729580448,2.25533772529233,-0.5446117523342853,55.2,59.62956573848699,50.77043426151302,0.1604915122640212,0.36454654125870484,14.671101811246466,5.152429472946,0,🟢 Orden estándar
2023-09-04,54.0,51.5585620299819,1.4887068273143669,2.1020115456967376,-0.6133047183823708,55.3,59.51026314967039,51.0897368503296,0.15226991499712103,0.34561535065785987,14.737926031387119,4.897338751005859,0,🟢 Orden estándar
2023-09-11,53.0,48.96322306832431,1.218022803493092,1.9252137972560086,-0.7071909937629166,55.45,59.03211933739891,51.867880662601095,0.12920177952746284,0.15802367687461985,14.774436568743756,4.166687738543009,0,🟢 Orden estándar
2023-09-18,51.0,44.173904187824036,0.8325236645619682,1.7066757707172007,-0.8741521061552324,55.4,59.205812728749876,51.59418727125012,0.1373939613267104,-0.07806312522441136,14.781686436992576,4.426885800959314,0,🔵 Reducir orden -10%
2023-09-25,51.0,44.173904187824036,0.5210069754898683,1.4695420116717344,-0.9485350361818661,55.2,59.484611386910245,50.91538861308976,0.15523954300399428,0.009873869444581688,14.781065159048923,4.9838199257828295,0,🟢 Orden estándar
2023-10-02,49.0,39.67329414535053,0.11145963247908242,1.1979255358332042,-1.0864659033541217,54.95,60.03765275213577,49.862347247864236,0.18517389452723446,-0.08474902768297495,14.773400582848177,5.917910137433254,0,⚪ Reducir orden -25% — riesgo overstock
2023-10-09,48.0,37.60998885155537,-0.29045306797072357,0.9002498150724186,-1.190702883043142,54.65,60.606862473342375,48.69313752665762,0.21800045648096528,-0.05817974896680008,14.758405184367808,6.928966762421028,0,⚪ Reducir orden -25% — riesgo overstock
2023-10-16,49.0,40.91899654227105,-0.5222598495998199,0.6157478821379709,-1.1380077317377908,54.35,60.815291950097766,47.88470804990224,0.23791322723450836,0.08625224960497711,14.68243404337856,7.520367178535802,0,🟢 Orden estándar
2023-10-23,48.0,38.70809600028885,-0.7776952500260421,0.33705925570516837,-1.1147545057312105,53.9,60.82516387797726,46.97483612202274,0.25696340920138266,0.07401730096506384,14.612842548436682,8.055285907565926,0,🔵 Reducir orden -10%
2023-10-30,45.0,32.95533986663645,-1.2082763158867493,0.027992141386784852,-1.236268457273534,53.35,61.25136563812658,45.448634361873424,0.29620864622780047,-0.028389672268083747,14.574737133135603,9.1907946724168,0,⚪ Reducir orden -25% — riesgo overstock
2023-11-06,46.0,36.35103675962369,-1.4520845433743403,-0.2680231955654402,-1.1840613478089002,52.8,61.15022848726146,44.449771512738536,0.31629653360838866,0.09282551307586293,14.458971576491033,9.712907743930447,0,🔵 Reducir orden -10%
2023-11-13,47.0,39.64315868116627,-1.5467823336466822,-0.5237750231816887,-1.0230073104649935,52.3,60.78776208803929,43.81223791196071,0.32457981216211435,0.1877857823401645,14.315995302221028,9.872885543110856,0,🔵 Reducir orden -10%
2023-11-20,45.0,35.669452935355224,-1.7628927695165117,-0.7715985724486534,-0.9912941970678584,51.7,60.48036086058566,42.91963913941434,0.3396657973147257,0.1184667061876825,14.172656599211999,10.21323370101644,0,🔵 Reducir orden -10%
2023-11-27,67.0,70.5906913711892,-0.15713436149980708,-0.6487057302588842,0.49157136875907714,52.1,62.79972946042633,41.400270539573675,0.41073817506435034,1.1962792870188288,14.172656599211999,12.445825319951096,1,🔴 ALERTA STOCKOUT — orden emergencia
2023-12-04,53.0,51.45031515294862,-0.014079946540846322,-0.5217805735152767,0.5077006269744304,51.85,62.197132834497495,41.50286716550251,0.3991179492573768,0.5555709498657387,14.19172265549959,12.035688219667858,0,🟡 Monitorear
2023-12-11,44.0,43.31868754556007,-0.6197885394186855,-0.5413821666959585,-0.07840637272272699,51.3,62.101559341619414,40.49844065838058,0.42111342462453866,0.16208582626249082,13.950390667424251,12.564272886159946,-1,⚪ Reducir orden -25% — riesgo overstock
2023-12-18,42.0,41.739937394016486,-1.2468275960675044,-0.6824712525702678,-0.5643563434972366,50.55,61.760427476707825,39.33957252329217,0.44353817909823257,0.11865860968439715,13.811902123585124,13.039864480043272,0,🟢 Orden estándar
2023-12-25,43.0,42.86124198197583,-1.6441165709796195,-0.8748003162521382,-0.7693162547274813,49.95,61.438667184848306,38.4613328151517,0.46000669408802014,0.1975280122499357,13.686929141935089,13.36351030841663,0,🟢 Orden estándar
